,SampleId,Sample,Read,Pairedness,Initial,afterTrimmo,afterTrimGal
1,1-A_S44_L003_R1_001,1-A,R1,Paired,30978167,16832615,16297580
2,1-A_S44_L003_R1_001,1-A,R1,Unpaired1,NA,13761993,13593122
3,1-A_S44_L003_R1_001,1-A,R1,Unpaired2,NA,NA,198059
4,1-A_S44_L003_R2_001,1-A,R2,Paired,30978167,16832615,16297580
5,1-A_S44_L003_R2_001,1-A,R2,Unpaired1,NA,195402,61803
6,1-A_S44_L003_R2_001,1-A,R2,Unpaired2,NA,NA,265962
7,1-B_S102_L003_R1_001,1-B,R1,Paired,28392676,16245730,14132700
8,1-B_S102_L003_R1_001,1-B,R1,Unpaired1,NA,11629946,11250717
9,1-B_S102_L003_R1_001,1-B,R1,Unpaired2,NA,NA,266564
10,1-B_S102_L003_R2_001,1-B,R2,Paired,28392676,16245730,14132700
11,1-B_S102_L003_R2_001,1-B,R2,Unpaired1,NA,324558,169786
12,1-B_S102_L003_R2_001,1-B,R2,Unpaired2,NA,NA,1055773
13,1-C_S105_L003_R1_001,1-C,R1,Paired,19437343,10985065,4667655
14,1-C_S105_L003_R1_001,1-C,R1,Unpaired1,NA,6997488,5897544
15,1-C_S105_L003_R1_001,1-C,R1,Unpaired2,NA,NA,723825
16,1-C_S105_L003_R2_001,1-C,R2,Paired,19437343,10985065,4667655
17,1-C_S105_L003_R2_001,1-C,R2,Unpaired1,NA,1261964,604136
18,1-C_S105_L003_R2_001,1-C,R2,Unpaired2,NA,NA,3262333
19,1-D_S79_L003_R1_001,1-D,R1,Paired,28168766,15210499,14782979
20,1-D_S79_L003_R1_001,1-D,R1,Unpaired1,NA,12744626,12595985
21,1-D_S79_L003_R1_001,1-D,R1,Unpaired2,NA,NA,154581
22,1-D_S79_L003_R2_001,1-D,R2,Paired,28168766,15210499,14782979
23,1-D_S79_L003_R2_001,1-D,R2,Unpaired1,NA,80881,54155
24,1-D_S79_L003_R2_001,1-D,R2,Unpaired2,NA,NA,219882
25,1-E_S13_L003_R1_001,1-E,R1,Paired,25308722,14627190,14166873
26,1-E_S13_L003_R1_001,1-E,R1,Unpaired1,NA,10460703,10347165
27,1-E_S13_L003_R1_001,1-E,R1,Unpaired2,NA,NA,138047
28,1-E_S13_L003_R2_001,1-E,R2,Paired,25308722,14627190,14166873
29,1-E_S13_L003_R2_001,1-E,R2,Unpaired1,NA,117587,62171
30,1-E_S13_L003_R2_001,1-E,R2,Unpaired2,NA,NA,243698
31,1-F_S116_L003_R1_001,1-F,R1,Paired,24956621,13811926,11456956
32,1-F_S116_L003_R1_001,1-F,R1,Unpaired1,NA,10370952,9893747
33,1-F_S116_L003_R1_001,1-F,R1,Unpaired2,NA,NA,277234
34,1-F_S116_L003_R2_001,1-F,R2,Paired,24956621,13811926,11456956
35,1-F_S116_L003_R2_001,1-F,R2,Unpaired1,NA,595900,174963
36,1-F_S116_L003_R2_001,1-F,R2,Unpaired2,NA,NA,1107699
37,1-G_S29_L003_R1_001,1-G,R1,Paired,26477827,14806623,14389628
38,1-G_S29_L003_R1_001,1-G,R1,Unpaired1,NA,11432620,11304005
39,1-G_S29_L003_R1_001,1-G,R1,Unpaired2,NA,NA,141894
40,1-G_S29_L003_R2_001,1-G,R2,Paired,26477827,14806623,14389628
41,1-G_S29_L003_R2_001,1-G,R2,Unpaired1,NA,103160,55425
42,1-G_S29_L003_R2_001,1-G,R2,Unpaired2,NA,NA,218103
43,1-H_S84_L003_R1_001,1-H,R1,Paired,28197812,14569799,14128177
44,1-H_S84_L003_R1_001,1-H,R1,Unpaired1,NA,13347219,13181787
45,1-H_S84_L003_R1_001,1-H,R1,Unpaired2,NA,NA,175007
46,1-H_S84_L003_R2_001,1-H,R2,Paired,28197812,14569799,14128177
47,1-H_S84_L003_R2_001,1-H,R2,Unpaired1,NA,98505,49228
48,1-H_S84_L003_R2_001,1-H,R2,Unpaired2,NA,NA,216393
49,1-M_S68_L003_R1_001,1-M,R1,Paired,27768358,12031508,11679430
50,1-M_S68_L003_R1_001,1-M,R1,Unpaired1,NA,15029304,14938593
51,1-M_S68_L003_R1_001,1-M,R1,Unpaired2,NA,NA,154141
52,1-M_S68_L003_R2_001,1-M,R2,Paired,27768358,12031508,11679430
53,1-M_S68_L003_R2_001,1-M,R2,Unpaired1,NA,554185,47866
54,1-M_S68_L003_R2_001,1-M,R2,Unpaired2,NA,NA,150914
55,1-N_S95_L003_R1_001,1-N,R1,Paired,25238225,15322194,14479268
56,1-N_S95_L003_R1_001,1-N,R1,Unpaired1,NA,9544248,9392646
57,1-N_S95_L003_R1_001,1-N,R1,Unpaired2,NA,NA,458018
58,1-N_S95_L003_R2_001,1-N,R2,Paired,25238225,15322194,14479268
59,1-N_S95_L003_R2_001,1-N,R2,Unpaired1,NA,276661,62807
60,1-N_S95_L003_R2_001,1-N,R2,Unpaired2,NA,NA,280573
61,1-O_S54_L003_R1_001,1-O,R1,Paired,28729170,17059793,16593631
62,1-O_S54_L003_R1_001,1-O,R1,Unpaired1,NA,11448289,11312936
63,1-O_S54_L003_R1_001,1-O,R1,Unpaired2,NA,NA,170785
64,1-O_S54_L003_R2_001,1-O,R2,Paired,28729170,17059793,16593631
65,1-O_S54_L003_R2_001,1-O,R2,Unpaired1,NA,107284,55133
66,1-O_S54_L003_R2_001,1-O,R2,Unpaired2,NA,NA,244981
67,1-P_S114_L003_R1_001,1-P,R1,Paired,23763750,16973960,15803526
68,1-P_S114_L003_R1_001,1-P,R1,Unpaired1,NA,6504636,6330896
69,1-P_S114_L003_R1_001,1-P,R1,Unpaired2,NA,NA,184335
70,1-P_S114_L003_R2_001,1-P,R2,Paired,23763750,16973960,15803526
71,1-P_S114_L003_R2_001,1-P,R2,Unpaired1,NA,225137,94830
72,1-P_S114_L003_R2_001,1-P,R2,Unpaired2,NA,NA,608678
73,13-A_S112_L003_R1_001,13-A,R1,Paired,21329890,12513209,11088934
74,13-A_S112_L003_R1_001,13-A,R1,Unpaired1,NA,8475281,8215439
75,13-A_S112_L003_R1_001,13-A,R1,Unpaired2,NA,NA,168486
76,13-A_S112_L003_R2_001,13-A,R2,Paired,21329890,12513209,11088934
77,13-A_S112_L003_R2_001,13-A,R2,Unpaired1,NA,210236,118049
78,13-A_S112_L003_R2_001,13-A,R2,Unpaired2,NA,NA,741164
79,13-B_S67_L003_R1_001,13-B,R1,Paired,28147663,14534789,14130298
80,13-B_S67_L003_R1_001,13-B,R1,Unpaired1,NA,13307439,13163279
81,13-B_S67_L003_R1_001,13-B,R1,Unpaired2,NA,NA,139231
82,13-B_S67_L003_R2_001,13-B,R2,Paired,28147663,14534789,14130298
83,13-B_S67_L003_R2_001,13-B,R2,Unpaired1,NA,149418,51006
84,13-B_S67_L003_R2_001,13-B,R2,Unpaired2,NA,NA,215029
85,13-C_S61_L003_R1_001,13-C,R1,Paired,28217033,15576352,15132269
86,13-C_S61_L003_R1_001,13-C,R1,Unpaired1,NA,12423172,12270556
87,13-C_S61_L003_R1_001,13-C,R1,Unpaired2,NA,NA,155275
88,13-C_S61_L003_R2_001,13-C,R2,Paired,28217033,15576352,15132269
89,13-C_S61_L003_R2_001,13-C,R2,Unpaired1,NA,103408,51463
90,13-C_S61_L003_R2_001,13-C,R2,Unpaired2,NA,NA,240807
91,13-D_S8_L003_R1_001,13-D,R1,Paired,26030615,15836557,15292351
92,13-D_S8_L003_R1_001,13-D,R1,Unpaired1,NA,9980177,9822286
93,13-D_S8_L003_R1_001,13-D,R1,Unpaired2,NA,NA,195816
94,13-D_S8_L003_R2_001,13-D,R2,Paired,26030615,15836557,15292351
95,13-D_S8_L003_R2_001,13-D,R2,Unpaired1,NA,92176,59237
96,13-D_S8_L003_R2_001,13-D,R2,Unpaired2,NA,NA,293410
97,13-E_S77_L003_R1_001,13-E,R1,Paired,25640739,14679057,14254621
98,13-E_S77_L003_R1_001,13-E,R1,Unpaired1,NA,10770072,10631884
99,13-E_S77_L003_R1_001,13-E,R1,Unpaired2,NA,NA,148995
100,13-E_S77_L003_R2_001,13-E,R2,Paired,25640739,14679057,14254621
101,13-E_S77_L003_R2_001,13-E,R2,Unpaired1,NA,96664,49536
102,13-E_S77_L003_R2_001,13-E,R2,Unpaired2,NA,NA,231537
103,13-F_S104_L003_R1_001,13-F,R1,Paired,27785126,15836354,13207231
104,13-F_S104_L003_R1_001,13-F,R1,Unpaired1,NA,11374699,10905905
105,13-F_S104_L003_R1_001,13-F,R1,Unpaired2,NA,NA,257551
106,13-F_S104_L003_R2_001,13-F,R2,Paired,27785126,15836354,13207231
107,13-F_S104_L003_R2_001,13-F,R2,Unpaired1,NA,368346,205669
108,13-F_S104_L003_R2_001,13-F,R2,Unpaired2,NA,NA,1326924
109,13-G_S50_L003_R1_001,13-G,R1,Paired,25474383,14712723,14317371
110,13-G_S50_L003_R1_001,13-G,R1,Unpaired1,NA,10575560,10447448
111,13-G_S50_L003_R1_001,13-G,R1,Unpaired2,NA,NA,143225
112,13-G_S50_L003_R2_001,13-G,R2,Paired,25474383,14712723,14317371
113,13-G_S50_L003_R2_001,13-G,R2,Unpaired1,NA,71902,46007
114,13-G_S50_L003_R2_001,13-G,R2,Unpaired2,NA,NA,212280
115,13-H_S19_L003_R1_001,13-H,R1,Paired,26071008,15326035,14822670
116,13-H_S19_L003_R1_001,13-H,R1,Unpaired1,NA,10499134,10353275
117,13-H_S19_L003_R1_001,13-H,R1,Unpaired2,NA,NA,174604
118,13-H_S19_L003_R2_001,13-H,R2,Paired,26071008,15326035,14822670
119,13-H_S19_L003_R2_001,13-H,R2,Unpaired1,NA,130337,58905
120,13-H_S19_L003_R2_001,13-H,R2,Unpaired2,NA,NA,267837
121,13-M_S109_L003_R1_001,13-M,R1,Paired,22108394,12841431,11376324
122,13-M_S109_L003_R1_001,13-M,R1,Unpaired1,NA,8886183,8628662
123,13-M_S109_L003_R1_001,13-M,R1,Unpaired2,NA,NA,182124
124,13-M_S109_L003_R2_001,13-M,R2,Paired,22108394,12841431,11376324
125,13-M_S109_L003_R2_001,13-M,R2,Unpaired1,NA,243478,127664
126,13-M_S109_L003_R2_001,13-M,R2,Unpaired2,NA,NA,778583
127,13-N_S81_L003_R1_001,44-N,R1,Paired,24548828,12862017,12505761
128,13-N_S81_L003_R1_001,44-N,R1,Unpaired1,NA,11478704,11349352
129,13-N_S81_L003_R1_001,44-N,R1,Unpaired2,NA,NA,133231
130,13-N_S81_L003_R2_001,44-N,R2,Paired,24548828,12862017,12505761
131,13-N_S81_L003_R2_001,44-N,R2,Unpaired1,NA,70984,41910
132,13-N_S81_L003_R2_001,44-N,R2,Unpaired2,NA,NA,180807
133,13-O_S33_L003_R1_001,13-O,R1,Paired,29418994,16696668,16208657
134,13-O_S33_L003_R1_001,13-O,R1,Unpaired1,NA,12460400,12306038
135,13-O_S33_L003_R1_001,13-O,R1,Unpaired2,NA,NA,164082
136,13-O_S33_L003_R2_001,13-O,R2,Paired,29418994,16696668,16208657
137,13-O_S33_L003_R2_001,13-O,R2,Unpaired1,NA,107568,58208
138,13-O_S33_L003_R2_001,13-O,R2,Unpaired2,NA,NA,263946
139,13-P_S99_L003_R1_001,13-P,R1,Paired,27951221,16842086,15083926
140,13-P_S99_L003_R1_001,13-P,R1,Unpaired1,NA,10647000,10328202
141,13-P_S99_L003_R1_001,13-P,R1,Unpaired2,NA,NA,215534
142,13-P_S99_L003_R2_001,13-P,R2,Paired,27951221,16842086,15083926
143,13-P_S99_L003_R2_001,13-P,R2,Unpaired1,NA,288320,143797
144,13-P_S99_L003_R2_001,13-P,R2,Unpaired2,NA,NA,896585
145,3-A_S90_L003_R1_001,3-A,R1,Paired,27458445,15606139,15126644
146,3-A_S90_L003_R1_001,3-A,R1,Unpaired1,NA,11596828,11432346
147,3-A_S90_L003_R1_001,3-A,R1,Unpaired2,NA,NA,182692
148,3-A_S90_L003_R2_001,3-A,R2,Paired,27458445,15606139,15126644
149,3-A_S90_L003_R2_001,3-A,R2,Unpaired1,NA,112784,52129
150,3-A_S90_L003_R2_001,3-A,R2,Unpaired2,NA,NA,251664
151,3-B_S25_L003_R1_001,3-B,R1,Paired,24522795,12938827,12470220
152,3-B_S25_L003_R1_001,3-B,R1,Unpaired1,NA,11333682,11192799
153,3-B_S25_L003_R1_001,3-B,R1,Unpaired2,NA,NA,161190
154,3-B_S25_L003_R2_001,3-B,R2,Paired,24522795,12938827,12470220
155,3-B_S25_L003_R2_001,3-B,R2,Unpaired1,NA,113798,53536
156,3-B_S25_L003_R2_001,3-B,R2,Unpaired2,NA,NA,229233
157,3-C_S9_L003_R1_001,3-C,R1,Paired,24378489,12515723,12140329
158,3-C_S9_L003_R1_001,3-C,R1,Unpaired1,NA,11637031,11484350
159,3-C_S9_L003_R1_001,3-C,R1,Unpaired2,NA,NA,138203
160,3-C_S9_L003_R2_001,3-C,R2,Paired,24378489,12515723,12140329
161,3-C_S9_L003_R2_001,3-C,R2,Unpaired1,NA,80049,47255
162,3-C_S9_L003_R2_001,3-C,R2,Unpaired2,NA,NA,197651
163,3-D_S75_L003_R1_001,3-D,R1,Paired,26999102,14358147,13944954
164,3-D_S75_L003_R1_001,3-D,R1,Unpaired1,NA,12449898,12291483
165,3-D_S75_L003_R1_001,3-D,R1,Unpaired2,NA,NA,149915
166,3-D_S75_L003_R2_001,3-D,R2,Paired,26999102,14358147,13944954
167,3-D_S75_L003_R2_001,3-D,R2,Unpaired1,NA,90377,51162
168,3-D_S75_L003_R2_001,3-D,R2,Unpaired2,NA,NA,223964
169,3-E_S39_L003_R1_001,3-E,R1,Paired,27730603,15600043,15145217
170,3-E_S39_L003_R1_001,3-E,R1,Unpaired1,NA,11895540,11744520
171,3-E_S39_L003_R1_001,3-E,R1,Unpaired2,NA,NA,161896
172,3-E_S39_L003_R2_001,3-E,R2,Paired,27730603,15600043,15145217
173,3-E_S39_L003_R2_001,3-E,R2,Unpaired1,NA,115565,51683
174,3-E_S39_L003_R2_001,3-E,R2,Unpaired2,NA,NA,245410
175,3-F_S4_L003_R1_001,3-F,R1,Paired,30433635,17721096,17220758
176,3-F_S4_L003_R1_001,3-F,R1,Unpaired1,NA,12390080,12229981
177,3-F_S4_L003_R1_001,3-F,R1,Unpaired2,NA,NA,209309
178,3-F_S4_L003_R2_001,3-F,R2,Paired,30433635,17721096,17220758
179,3-F_S4_L003_R2_001,3-F,R2,Unpaired1,NA,138640,51314
180,3-F_S4_L003_R2_001,3-F,R2,Unpaired2,NA,NA,251515
181,3-G_S16_L003_R1_001,3-G,R1,Paired,27318509,14418124,13836564
182,3-G_S16_L003_R1_001,3-G,R1,Unpaired1,NA,12675198,12474479
183,3-G_S16_L003_R1_001,3-G,R1,Unpaired2,NA,NA,187635
184,3-G_S16_L003_R2_001,3-G,R2,Paired,27318509,14418124,13836564
185,3-G_S16_L003_R2_001,3-G,R2,Unpaired1,NA,110868,71424
186,3-G_S16_L003_R2_001,3-G,R2,Unpaired2,NA,NA,313454
187,3-H_S110_L003_R1_001,3-H,R1,Paired,26606422,18002053,16116574
188,3-H_S110_L003_R1_001,3-H,R1,Unpaired1,NA,8042886,7705896
189,3-H_S110_L003_R1_001,3-H,R1,Unpaired2,NA,NA,232552
190,3-H_S110_L003_R2_001,3-H,R2,Paired,26606422,18002053,16116574
191,3-H_S110_L003_R2_001,3-H,R2,Unpaired1,NA,447233,158142
192,3-H_S110_L003_R2_001,3-H,R2,Unpaired2,NA,NA,957604
193,3-M_S65_L003_R1_001,3-M,R1,Paired,30649742,14468225,13889442
194,3-M_S65_L003_R1_001,3-M,R1,Unpaired1,NA,15811313,15591327
195,3-M_S65_L003_R1_001,3-M,R1,Unpaired2,NA,NA,210505
196,3-M_S65_L003_R2_001,3-M,R2,Paired,30649742,14468225,13889442
197,3-M_S65_L003_R2_001,3-M,R2,Unpaired1,NA,135136,63644
198,3-M_S65_L003_R2_001,3-M,R2,Unpaired2,NA,NA,272551
199,3-N_S46_L003_R1_001,3-N,R1,Paired,27959790,15314662,14892256
200,3-N_S46_L003_R1_001,3-N,R1,Unpaired1,NA,12420307,12265889
201,3-N_S46_L003_R1_001,3-N,R1,Unpaired2,NA,NA,158644
202,3-N_S46_L003_R2_001,3-N,R2,Paired,27959790,15314662,14892256
203,3-N_S46_L003_R2_001,3-N,R2,Unpaired1,NA,84873,50680
204,3-N_S46_L003_R2_001,3-N,R2,Unpaired2,NA,NA,223078
205,3-O_S115_L003_R1_001,3-O,R1,Paired,25943632,14867285,13005681
206,3-O_S115_L003_R1_001,3-O,R1,Unpaired1,NA,10590665,10240933
207,3-O_S115_L003_R1_001,3-O,R1,Unpaired2,NA,NA,234489
208,3-O_S115_L003_R2_001,3-O,R2,Paired,25943632,14867285,13005681
209,3-O_S115_L003_R2_001,3-O,R2,Unpaired1,NA,312786,155267
210,3-O_S115_L003_R2_001,3-O,R2,Unpaired2,NA,NA,950639
211,3-P_S72_L003_R1_001,3-P,R1,Paired,26116162,13846601,13444968
212,3-P_S72_L003_R1_001,3-P,R1,Unpaired1,NA,12077436,11917226
213,3-P_S72_L003_R1_001,3-P,R1,Unpaired2,NA,NA,153236
214,3-P_S72_L003_R2_001,3-P,R2,Paired,26116162,13846601,13444968
215,3-P_S72_L003_R2_001,3-P,R2,Unpaired1,NA,93891,46742
216,3-P_S72_L003_R2_001,3-P,R2,Unpaired2,NA,NA,214668
217,31-A_S71_L003_R1_001,31-A,R1,Paired,27765592,14779624,14344774
218,31-A_S71_L003_R1_001,31-A,R1,Unpaired1,NA,12758941,12615176
219,31-A_S71_L003_R1_001,31-A,R1,Unpaired2,NA,NA,149653
220,31-A_S71_L003_R2_001,31-A,R2,Paired,27765592,14779624,14344774
221,31-A_S71_L003_R2_001,31-A,R2,Unpaired1,NA,110997,54079
222,31-A_S71_L003_R2_001,31-A,R2,Unpaired2,NA,NA,226806
223,31-B_S35_L003_R1_001,31-B,R1,Paired,28386451,16699311,16267656
224,31-B_S35_L003_R1_001,31-B,R1,Unpaired1,NA,11464906,11339074
225,31-B_S35_L003_R1_001,31-B,R1,Unpaired2,NA,NA,148919
226,31-B_S35_L003_R2_001,31-B,R2,Paired,28386451,16699311,16267656
227,31-B_S35_L003_R2_001,31-B,R2,Unpaired1,NA,94394,56430
228,31-B_S35_L003_R2_001,31-B,R2,Unpaired2,NA,NA,230819
229,31-C_S80_L003_R1_001,31-C,R1,Paired,23842041,11129112,10712052
230,31-C_S80_L003_R1_001,31-C,R1,Unpaired1,NA,12474160,12327326
231,31-C_S80_L003_R1_001,31-C,R1,Unpaired2,NA,NA,153146
232,31-C_S80_L003_R2_001,31-C,R2,Paired,23842041,11129112,10712052
233,31-C_S80_L003_R2_001,31-C,R2,Unpaired1,NA,115051,50831
234,31-C_S80_L003_R2_001,31-C,R2,Unpaired2,NA,NA,203093
235,31-D_S113_L003_R1_001,31-D,R1,Paired,27520250,16427896,14699048
236,31-D_S113_L003_R1_001,31-D,R1,Unpaired1,NA,10498763,10112351
237,31-D_S113_L003_R1_001,31-D,R1,Unpaired2,NA,NA,284321
238,31-D_S113_L003_R2_001,31-D,R2,Paired,27520250,16427896,14699048
239,31-D_S113_L003_R2_001,31-D,R2,Unpaired1,NA,412260,126905
240,31-D_S113_L003_R2_001,31-D,R2,Unpaired2,NA,NA,805451
241,31-E_S17_L003_R1_001,31-E,R1,Paired,21619773,11279678,10800629
242,31-E_S17_L003_R1_001,31-E,R1,Unpaired1,NA,10051740,9895020
243,31-E_S17_L003_R1_001,31-E,R1,Unpaired2,NA,NA,148903
244,31-E_S17_L003_R2_001,31-E,R2,Paired,21619773,11279678,10800629
245,31-E_S17_L003_R2_001,31-E,R2,Unpaired1,NA,139429,54205
246,31-E_S17_L003_R2_001,31-E,R2,Unpaired2,NA,NA,247572
247,31-F_S49_L003_R1_001,31-F,R1,Paired,26601861,15345784,14925545
248,31-F_S49_L003_R1_001,31-F,R1,Unpaired1,NA,11025833,10897172
249,31-F_S49_L003_R1_001,31-F,R1,Unpaired2,NA,NA,142656
250,31-F_S49_L003_R2_001,31-F,R2,Paired,26601861,15345784,14925545
251,31-F_S49_L003_R2_001,31-F,R2,Unpaired1,NA,95035,54633
252,31-F_S49_L003_R2_001,31-F,R2,Unpaired2,NA,NA,227114
253,31-G_S106_L003_R1_001,31-G,R1,Paired,23565210,15693136,11205110
254,31-G_S106_L003_R1_001,31-G,R1,Unpaired1,NA,6870508,6109768
255,31-G_S106_L003_R1_001,31-G,R1,Unpaired2,NA,NA,612608
256,31-G_S106_L003_R2_001,31-G,R2,Paired,23565210,15693136,11205110
257,31-G_S106_L003_R2_001,31-G,R2,Unpaired1,NA,856627,298195
258,31-G_S106_L003_R2_001,31-G,R2,Unpaired2,NA,NA,2062423
259,31-H_S96_L003_R1_001,31-H,R1,Paired,20183109,11497518,10895672
260,31-H_S96_L003_R1_001,31-H,R1,Unpaired1,NA,8446542,8281731
261,31-H_S96_L003_R1_001,31-H,R1,Unpaired2,NA,NA,169703
262,31-H_S96_L003_R2_001,31-H,R2,Paired,20183109,11497518,10895672
263,31-H_S96_L003_R2_001,31-H,R2,Unpaired1,NA,159296,64898
264,31-H_S96_L003_R2_001,31-H,R2,Unpaired2,NA,NA,306203
265,31-M_S92_L003_R1_001,31-M,R1,Paired,26183510,12519808,12018420
266,31-M_S92_L003_R1_001,31-M,R1,Unpaired1,NA,13415819,13235274
267,31-M_S92_L003_R1_001,31-M,R1,Unpaired2,NA,NA,154594
268,31-M_S92_L003_R2_001,31-M,R2,Paired,26183510,12519808,12018420
269,31-M_S92_L003_R2_001,31-M,R2,Unpaired1,NA,107997,62472
270,31-M_S92_L003_R2_001,31-M,R2,Unpaired2,NA,NA,258861
271,31-N_S2_L003_R1_001,31-N,R1,Paired,26561181,15170985,14689590
272,31-N_S2_L003_R1_001,31-N,R1,Unpaired1,NA,11146370,10994915
273,31-N_S2_L003_R1_001,31-N,R1,Unpaired2,NA,NA,184368
274,31-N_S2_L003_R2_001,31-N,R2,Paired,26561181,15170985,14689590
275,31-N_S2_L003_R2_001,31-N,R2,Unpaired1,NA,90136,54812
276,31-N_S2_L003_R2_001,31-N,R2,Unpaired2,NA,NA,250350
277,31-O_S66_L003_R1_001,31-O,R1,Paired,25803407,12760266,12229863
278,31-O_S66_L003_R1_001,31-O,R1,Unpaired1,NA,12789549,12614433
279,31-O_S66_L003_R1_001,31-O,R1,Unpaired2,NA,NA,186252
280,31-O_S66_L003_R2_001,31-O,R2,Paired,25803407,12760266,12229863
281,31-O_S66_L003_R2_001,31-O,R2,Unpaired1,NA,135975,58794
282,31-O_S66_L003_R2_001,31-O,R2,Unpaired2,NA,NA,256473
283,31-P_S56_L003_R1_001,31-P,R1,Paired,23457699,11313058,10989850
284,31-P_S56_L003_R1_001,31-P,R1,Unpaired1,NA,11852478,11735302
285,31-P_S56_L003_R1_001,31-P,R1,Unpaired2,NA,NA,130791
286,31-P_S56_L003_R2_001,31-P,R2,Paired,23457699,11313058,10989850
287,31-P_S56_L003_R2_001,31-P,R2,Unpaired1,NA,118144,37496
288,31-P_S56_L003_R2_001,31-P,R2,Unpaired2,NA,NA,150000
289,36-A_S1_L003_R1_001,36-A,R1,Paired,26316603,14279182,13754078
290,36-A_S1_L003_R1_001,36-A,R1,Unpaired1,NA,11736153,11573819
291,36-A_S1_L003_R1_001,36-A,R1,Unpaired2,NA,NA,165820
292,36-A_S1_L003_R2_001,36-A,R2,Paired,26316603,14279182,13754078
293,36-A_S1_L003_R2_001,36-A,R2,Unpaired1,NA,125849,65970
294,36-A_S1_L003_R2_001,36-A,R2,Unpaired2,NA,NA,278310
295,36-B_S55_L003_R1_001,36-B,R1,Paired,29993157,16700654,16240648
296,36-B_S55_L003_R1_001,36-B,R1,Unpaired1,NA,13010112,12853784
297,36-B_S55_L003_R1_001,36-B,R1,Unpaired2,NA,NA,170415
298,36-B_S55_L003_R2_001,36-B,R2,Paired,29993157,16700654,16240648
299,36-B_S55_L003_R2_001,36-B,R2,Unpaired1,NA,120605,52515
300,36-B_S55_L003_R2_001,36-B,R2,Unpaired2,NA,NA,239072
301,36-C_S57_L003_R1_001,36-C,R1,Paired,23562955,12664393,12285794
302,36-C_S57_L003_R1_001,36-C,R1,Unpaired1,NA,10694683,10555185
303,36-C_S57_L003_R1_001,36-C,R1,Unpaired2,NA,NA,147938
304,36-C_S57_L003_R2_001,36-C,R2,Paired,23562955,12664393,12285794
305,36-C_S57_L003_R2_001,36-C,R2,Unpaired1,NA,79441,42434
306,36-C_S57_L003_R2_001,36-C,R2,Unpaired2,NA,NA,192488
307,36-D_S94_L003_R1_001,36-D,R1,Paired,24193212,13841777,13014007
308,36-D_S94_L003_R1_001,36-D,R1,Unpaired1,NA,10044243,9829133
309,36-D_S94_L003_R1_001,36-D,R1,Unpaired2,NA,NA,281924
310,36-D_S94_L003_R2_001,36-D,R2,Paired,24193212,13841777,13014007
311,36-D_S94_L003_R2_001,36-D,R2,Unpaired1,NA,163521,83074
312,36-D_S94_L003_R2_001,36-D,R2,Unpaired2,NA,NA,367792
313,36-E_S107_L003_R1_001,36-E,R1,Paired,25950785,14866792,11927008
314,36-E_S107_L003_R1_001,36-E,R1,Unpaired1,NA,10384015,9804619
315,36-E_S107_L003_R1_001,36-E,R1,Unpaired2,NA,NA,308647
316,36-E_S107_L003_R2_001,36-E,R2,Paired,25950785,14866792,11927008
317,36-E_S107_L003_R2_001,36-E,R2,Unpaired1,NA,505813,217028
318,36-E_S107_L003_R2_001,36-E,R2,Unpaired2,NA,NA,1401011
319,36-F_S31_L003_R1_001,36-F,R1,Paired,25614859,14598763,14185095
320,36-F_S31_L003_R1_001,36-F,R1,Unpaired1,NA,10809101,10684178
321,36-F_S31_L003_R1_001,36-F,R1,Unpaired2,NA,NA,147140
322,36-F_S31_L003_R2_001,36-F,R2,Paired,25614859,14598763,14185095
323,36-F_S31_L003_R2_001,36-F,R2,Unpaired1,NA,99464,54331
324,36-F_S31_L003_R2_001,36-F,R2,Unpaired2,NA,NA,215258
325,36-G_S7_L003_R1_001,36-G,R1,Paired,28046994,16793621,16314541
326,36-G_S7_L003_R1_001,36-G,R1,Unpaired1,NA,11012063,10858535
327,36-G_S7_L003_R1_001,36-G,R1,Unpaired2,NA,NA,178845
328,36-G_S7_L003_R2_001,36-G,R2,Paired,28046994,16793621,16314541
329,36-G_S7_L003_R2_001,36-G,R2,Unpaired1,NA,98545,54478
330,36-G_S7_L003_R2_001,36-G,R2,Unpaired2,NA,NA,258842
331,36-H_S52_L003_R1_001,36-H,R1,Paired,26011100,15687375,15187783
332,36-H_S52_L003_R1_001,36-H,R1,Unpaired1,NA,10086999,9943115
333,36-H_S52_L003_R1_001,36-H,R1,Unpaired2,NA,NA,168797
334,36-H_S52_L003_R2_001,36-H,R2,Paired,26011100,15687375,15187783
335,36-H_S52_L003_R2_001,36-H,R2,Unpaired1,NA,133789,58608
336,36-H_S52_L003_R2_001,36-H,R2,Unpaired2,NA,NA,276361
337,36-M_S37_L003_R1_001,36-M,R1,Paired,27663376,13524049,13076923
338,36-M_S37_L003_R1_001,36-M,R1,Unpaired1,NA,13858622,13675717
339,36-M_S37_L003_R1_001,36-M,R1,Unpaired2,NA,NA,155760
340,36-M_S37_L003_R2_001,36-M,R2,Paired,27663376,13524049,13076923
341,36-M_S37_L003_R2_001,36-M,R2,Unpaired1,NA,108363,55553
342,36-M_S37_L003_R2_001,36-M,R2,Unpaired2,NA,NA,235380
343,36-N_S40_L003_R1_001,36-N,R1,Paired,28469726,16340521,15873131
344,36-N_S40_L003_R1_001,36-N,R1,Unpaired1,NA,11909764,11761160
345,36-N_S40_L003_R1_001,36-N,R1,Unpaired2,NA,NA,160347
346,36-N_S40_L003_R2_001,36-N,R2,Paired,28469726,16340521,15873131
347,36-N_S40_L003_R2_001,36-N,R2,Unpaired1,NA,97148,58445
348,36-N_S40_L003_R2_001,36-N,R2,Unpaired2,NA,NA,254159
349,36-O_S22_L003_R1_001,36-O,R1,Paired,27548271,12483081,12009366
350,36-O_S22_L003_R1_001,36-O,R1,Unpaired1,NA,14710661,14505173
351,36-O_S22_L003_R1_001,36-O,R1,Unpaired2,NA,NA,161593
352,36-O_S22_L003_R2_001,36-O,R2,Paired,27548271,12483081,12009366
353,36-O_S22_L003_R2_001,36-O,R2,Unpaired1,NA,169608,55676
354,36-O_S22_L003_R2_001,36-O,R2,Unpaired2,NA,NA,244313
355,36-P_S85_L003_R1_001,36-P,R1,Paired,28101062,16212330,15754191
356,36-P_S85_L003_R1_001,36-P,R1,Unpaired1,NA,11679989,11534490
357,36-P_S85_L003_R1_001,36-P,R1,Unpaired2,NA,NA,163080
358,36-P_S85_L003_R2_001,36-P,R2,Paired,28101062,16212330,15754191
359,36-P_S85_L003_R2_001,36-P,R2,Unpaired1,NA,101241,55080
360,36-P_S85_L003_R2_001,36-P,R2,Unpaired2,NA,NA,247013
361,41-A_S91_L003_R1_001,41-A,R1,Paired,26214021,13108675,12650875
362,41-A_S91_L003_R1_001,41-A,R1,Unpaired1,NA,12860929,12701883
363,41-A_S91_L003_R1_001,41-A,R1,Unpaired2,NA,NA,148836
364,41-A_S91_L003_R2_001,41-A,R2,Paired,26214021,13108675,12650875
365,41-A_S91_L003_R2_001,41-A,R2,Unpaired1,NA,119481,62212
366,41-A_S91_L003_R2_001,41-A,R2,Unpaired2,NA,NA,237409
367,41-B_S101_L003_R1_001,41-B,R1,Paired,28846902,17110819,14520199
368,41-B_S101_L003_R1_001,41-B,R1,Unpaired1,NA,11083652,10636496
369,41-B_S101_L003_R1_001,41-B,R1,Unpaired2,NA,NA,258729
370,41-B_S101_L003_R2_001,41-B,R2,Paired,28846902,17110819,14520199
371,41-B_S101_L003_R2_001,41-B,R2,Unpaired1,NA,444026,200796
372,41-B_S101_L003_R2_001,41-B,R2,Unpaired2,NA,NA,1271644
373,41-C_S27_L003_R1_001,41-C,R1,Paired,27670431,15935542,15424203
374,41-C_S27_L003_R1_001,41-C,R1,Unpaired1,NA,11499383,11353756
375,41-C_S27_L003_R1_001,41-C,R1,Unpaired2,NA,NA,173362
376,41-C_S27_L003_R2_001,41-C,R2,Paired,27670431,15935542,15424203
377,41-C_S27_L003_R2_001,41-C,R2,Unpaired1,NA,136768,62885
378,41-C_S27_L003_R2_001,41-C,R2,Unpaired2,NA,NA,279756
379,41-D_S12_L003_R1_001,41-D,R1,Paired,23769494,11213355,10701872
380,41-D_S12_L003_R1_001,41-D,R1,Unpaired1,NA,12233331,12061404
381,41-D_S12_L003_R1_001,41-D,R1,Unpaired2,NA,NA,161131
382,41-D_S12_L003_R2_001,41-D,R2,Paired,23769494,11213355,10701872
383,41-D_S12_L003_R2_001,41-D,R2,Unpaired1,NA,162838,60043
384,41-D_S12_L003_R2_001,41-D,R2,Unpaired2,NA,NA,251942
385,41-E_S6_L003_R1_001,41-E,R1,Paired,30071189,18406460,17865868
386,41-E_S6_L003_R1_001,41-E,R1,Unpaired1,NA,11437444,11273243
387,41-E_S6_L003_R1_001,41-E,R1,Unpaired2,NA,NA,206154
388,41-E_S6_L003_R2_001,41-E,R2,Paired,30071189,18406460,17865868
389,41-E_S6_L003_R2_001,41-E,R2,Unpaired1,NA,95876,57272
390,41-E_S6_L003_R2_001,41-E,R2,Unpaired2,NA,NA,292795
391,41-F_S60_L003_R1_001,41-F,R1,Paired,23797385,12685829,12333970
392,41-F_S60_L003_R1_001,41-F,R1,Unpaired1,NA,10931467,10817036
393,41-F_S60_L003_R1_001,41-F,R1,Unpaired2,NA,NA,134681
394,41-F_S60_L003_R2_001,41-F,R2,Paired,23797385,12685829,12333970
395,41-F_S60_L003_R2_001,41-F,R2,Unpaired1,NA,93978,39253
396,41-F_S60_L003_R2_001,41-F,R2,Unpaired2,NA,NA,177431
397,41-G_S18_L003_R1_001,41-G,R1,Paired,26948162,13705274,13009534
398,41-G_S18_L003_R1_001,41-G,R1,Unpaired1,NA,12916431,12695673
399,41-G_S18_L003_R1_001,41-G,R1,Unpaired2,NA,NA,200796
400,41-G_S18_L003_R2_001,41-G,R2,Paired,26948162,13705274,13009534
401,41-G_S18_L003_R2_001,41-G,R2,Unpaired1,NA,181023,79115
402,41-G_S18_L003_R2_001,41-G,R2,Unpaired2,NA,NA,356571
403,41-H_S41_L003_R1_001,41-H,R1,Paired,28172233,15983405,15405896
404,41-H_S41_L003_R1_001,41-H,R1,Unpaired1,NA,11906513,11743439
405,41-H_S41_L003_R1_001,41-H,R1,Unpaired2,NA,NA,196975
406,41-H_S41_L003_R2_001,41-H,R2,Paired,28172233,15983405,15405896
407,41-H_S41_L003_R2_001,41-H,R2,Unpaired1,NA,124079,67066
408,41-H_S41_L003_R2_001,41-H,R2,Unpaired2,NA,NA,289589
409,41-M_S34_L003_R1_001,41-M,R1,Paired,29076288,14949247,14557305
410,41-M_S34_L003_R1_001,41-M,R1,Unpaired1,NA,13745598,13639404
411,41-M_S34_L003_R1_001,41-M,R1,Unpaired2,NA,NA,171778
412,41-M_S34_L003_R2_001,41-M,R2,Paired,29076288,14949247,14557305
413,41-M_S34_L003_R2_001,41-M,R2,Unpaired1,NA,233909,46763
414,41-M_S34_L003_R2_001,41-M,R2,Unpaired2,NA,NA,175576
415,41-N_S78_L003_R1_001,41-N,R1,Paired,26070936,14730712,14363467
416,41-N_S78_L003_R1_001,41-N,R1,Unpaired1,NA,11177451,11048759
417,41-N_S78_L003_R1_001,41-N,R1,Unpaired2,NA,NA,146703
418,41-N_S78_L003_R2_001,41-N,R2,Paired,26070936,14730712,14363467
419,41-N_S78_L003_R2_001,41-N,R2,Unpaired1,NA,81332,42557
420,41-N_S78_L003_R2_001,41-N,R2,Unpaired2,NA,NA,193604
421,41-O_S51_L003_R1_001,41-O,R1,Paired,28389787,16525140,16016093
422,41-O_S51_L003_R1_001,41-O,R1,Unpaired1,NA,11618621,11474325
423,41-O_S51_L003_R1_001,41-O,R1,Unpaired2,NA,NA,166423
424,41-O_S51_L003_R2_001,41-O,R2,Paired,28389787,16525140,16016093
425,41-O_S51_L003_R2_001,41-O,R2,Unpaired1,NA,143777,64286
426,41-O_S51_L003_R2_001,41-O,R2,Unpaired2,NA,NA,273731
427,41-P_S24_L003_R1_001,41-P,R1,Paired,26987517,12903978,12562902
428,41-P_S24_L003_R1_001,41-P,R1,Unpaired1,NA,13807271,13703778
429,41-P_S24_L003_R1_001,41-P,R1,Unpaired2,NA,NA,135653
430,41-P_S24_L003_R2_001,41-P,R2,Paired,26987517,12903978,12562902
431,41-P_S24_L003_R2_001,41-P,R2,Unpaired1,NA,133003,46739
432,41-P_S24_L003_R2_001,41-P,R2,Unpaired2,NA,NA,160820
433,44-A_S42_L003_R1_001,44-A,R1,Paired,26663699,13907630,13491152
434,44-A_S42_L003_R1_001,44-A,R1,Unpaired1,NA,12513126,12391785
435,44-A_S42_L003_R1_001,44-A,R1,Unpaired2,NA,NA,165821
436,44-A_S42_L003_R2_001,44-A,R2,Paired,26663699,13907630,13491152
437,44-A_S42_L003_R2_001,44-A,R2,Unpaired1,NA,121152,50395
438,44-A_S42_L003_R2_001,44-A,R2,Unpaired2,NA,NA,200758
439,44-B_S53_L003_R1_001,44-B,R1,Paired,24493830,14728172,14342472
440,44-B_S53_L003_R1_001,44-B,R1,Unpaired1,NA,9589186,9480719
441,44-B_S53_L003_R1_001,44-B,R1,Unpaired2,NA,NA,138355
442,44-B_S53_L003_R2_001,44-B,R2,Paired,24493830,14728172,14342472
443,44-B_S53_L003_R2_001,44-B,R2,Unpaired1,NA,76019,50538
444,44-B_S53_L003_R2_001,44-B,R2,Unpaired2,NA,NA,202191
445,44-C_S5_L003_R1_001,44-C,R1,Paired,30238216,18243450,17738592
446,44-C_S5_L003_R1_001,44-C,R1,Unpaired1,NA,11734732,11578578
447,44-C_S5_L003_R1_001,44-C,R1,Unpaired2,NA,NA,198756
448,44-C_S5_L003_R2_001,44-C,R2,Paired,30238216,18243450,17738592
449,44-C_S5_L003_R2_001,44-C,R2,Unpaired1,NA,87201,55252
450,44-C_S5_L003_R2_001,44-C,R2,Unpaired2,NA,NA,267194
451,44-D_S30_L003_R1_001,44-D,R1,Paired,25304405,15604736,15143597
452,44-D_S30_L003_R1_001,44-D,R1,Unpaired1,NA,9503556,9377753
453,44-D_S30_L003_R1_001,44-D,R1,Unpaired2,NA,NA,161878
454,44-D_S30_L003_R2_001,44-D,R2,Paired,25304405,15604736,15143597
455,44-D_S30_L003_R2_001,44-D,R2,Unpaired1,NA,107921,54266
456,44-D_S30_L003_R2_001,44-D,R2,Unpaired2,NA,NA,249889
457,44-E_S111_L003_R1_001,44-E,R1,Paired,20911443,11359807,10155749
458,44-E_S111_L003_R1_001,44-E,R1,Unpaired1,NA,9244792,9005311
459,44-E_S111_L003_R1_001,44-E,R1,Unpaired2,NA,NA,152999
460,44-E_S111_L003_R2_001,44-E,R2,Paired,20911443,11359807,10155749
461,44-E_S111_L003_R2_001,44-E,R2,Unpaired1,NA,180447,108784
462,44-E_S111_L003_R2_001,44-E,R2,Unpaired2,NA,NA,641048
463,44-F_S87_L003_R1_001,44-F,R1,Paired,24920168,13749363,13425803
464,44-F_S87_L003_R1_001,44-F,R1,Unpaired1,NA,10978005,10864481
465,44-F_S87_L003_R1_001,44-F,R1,Unpaired2,NA,NA,130632
466,44-F_S87_L003_R2_001,44-F,R2,Paired,24920168,13749363,13425803
467,44-F_S87_L003_R2_001,44-F,R2,Unpaired1,NA,110902,39461
468,44-F_S87_L003_R2_001,44-F,R2,Unpaired2,NA,NA,166623
469,44-G_S14_L003_R1_001,44-G,R1,Paired,28120656,16572886,16135126
470,44-G_S14_L003_R1_001,44-G,R1,Unpaired1,NA,11360964,11217195
471,44-G_S14_L003_R1_001,44-G,R1,Unpaired2,NA,NA,175441
472,44-G_S14_L003_R2_001,44-G,R2,Paired,28120656,16572886,16135126
473,44-G_S14_L003_R2_001,44-G,R2,Unpaired1,NA,81825,50666
474,44-G_S14_L003_R2_001,44-G,R2,Unpaired2,NA,NA,230482
475,44-H_S59_L003_R1_001,44-H,R1,Paired,27734001,16291296,15867295
476,44-H_S59_L003_R1_001,44-H,R1,Unpaired1,NA,11225985,11088008
477,44-H_S59_L003_R1_001,44-H,R1,Unpaired2,NA,NA,159616
478,44-H_S59_L003_R2_001,44-H,R2,Paired,27734001,16291296,15867295
479,44-H_S59_L003_R2_001,44-H,R2,Unpaired1,NA,110138,50643
480,44-H_S59_L003_R2_001,44-H,R2,Unpaired2,NA,NA,224912
481,44-M_S26_L003_R1_001,44-M,R1,Paired,27745060,15232721,14806488
482,44-M_S26_L003_R1_001,44-M,R1,Unpaired1,NA,12172100,12037054
483,44-M_S26_L003_R1_001,44-M,R1,Unpaired2,NA,NA,149768
484,44-M_S26_L003_R2_001,44-M,R2,Paired,27745060,15232721,14806488
485,44-M_S26_L003_R2_001,44-M,R2,Unpaired1,NA,211522,51658
486,44-M_S26_L003_R2_001,44-M,R2,Unpaired2,NA,NA,224073
487,44-N_S83_L003_R1_001,13-N,R1,Paired,26992537,13927950,13399510
488,44-N_S83_L003_R1_001,13-N,R1,Unpaired1,NA,12837474,12654779
489,44-N_S83_L003_R1_001,13-N,R1,Unpaired2,NA,NA,171408
490,44-N_S83_L003_R2_001,13-N,R2,Paired,26992537,13927950,13399510
491,44-N_S83_L003_R2_001,13-N,R2,Unpaired1,NA,108734,62425
492,44-N_S83_L003_R2_001,13-N,R2,Unpaired2,NA,NA,274925
493,44-O_S73_L003_R1_001,44-O,R1,Paired,25005716,12439151,12070111
494,44-O_S73_L003_R1_001,44-O,R1,Unpaired1,NA,12263616,12118281
495,44-O_S73_L003_R1_001,44-O,R1,Unpaired2,NA,NA,149598
496,44-O_S73_L003_R2_001,44-O,R2,Paired,25005716,12439151,12070111
497,44-O_S73_L003_R2_001,44-O,R2,Unpaired1,NA,139817,39228
498,44-O_S73_L003_R2_001,44-O,R2,Unpaired2,NA,NA,176323
499,44-P_S93_L003_R1_001,44-P,R1,Paired,24950954,14553557,13773007
500,44-P_S93_L003_R1_001,44-P,R1,Unpaired1,NA,10100404,9908968
501,44-P_S93_L003_R1_001,44-P,R1,Unpaired2,NA,NA,246304
502,44-P_S93_L003_R2_001,44-P,R2,Paired,24950954,14553557,13773007
503,44-P_S93_L003_R2_001,44-P,R2,Unpaired1,NA,208834,79772
504,44-P_S93_L003_R2_001,44-P,R2,Unpaired2,NA,NA,387348
505,50-A_S38_L003_R1_001,50-A,R1,Paired,28058254,16833853,16368109
506,50-A_S38_L003_R1_001,50-A,R1,Unpaired1,NA,10982952,10840785
507,50-A_S38_L003_R1_001,50-A,R1,Unpaired2,NA,NA,181568
508,50-A_S38_L003_R2_001,50-A,R2,Paired,28058254,16833853,16368109
509,50-A_S38_L003_R2_001,50-A,R2,Unpaired1,NA,130239,51790
510,50-A_S38_L003_R2_001,50-A,R2,Unpaired2,NA,NA,243347
511,50-B_S70_L003_R1_001,50-B,R1,Paired,26751838,13438908,12919321
512,50-B_S70_L003_R1_001,50-B,R1,Unpaired1,NA,13072017,12886003
513,50-B_S70_L003_R1_001,50-B,R1,Unpaired2,NA,NA,173645
514,50-B_S70_L003_R2_001,50-B,R2,Paired,26751838,13438908,12919321
515,50-B_S70_L003_R2_001,50-B,R2,Unpaired1,NA,117661,64947
516,50-B_S70_L003_R2_001,50-B,R2,Unpaired2,NA,NA,266294
517,50-C_S45_L003_R1_001,50-C,R1,Paired,27774874,16676219,16249215
518,50-C_S45_L003_R1_001,50-C,R1,Unpaired1,NA,10922786,10787079
519,50-C_S45_L003_R1_001,50-C,R1,Unpaired2,NA,NA,160887
520,50-C_S45_L003_R2_001,50-C,R2,Paired,27774874,16676219,16249215
521,50-C_S45_L003_R2_001,50-C,R2,Unpaired1,NA,81279,49380
522,50-C_S45_L003_R2_001,50-C,R2,Unpaired2,NA,NA,231827
523,50-D_S119_L003_R1_001,50-D,R1,Paired,23228267,12155896,11080731
524,50-D_S119_L003_R1_001,50-D,R1,Unpaired1,NA,10735437,10493971
525,50-D_S119_L003_R1_001,50-D,R1,Unpaired2,NA,NA,168364
526,50-D_S119_L003_R2_001,50-D,R2,Paired,23228267,12155896,11080731
527,50-D_S119_L003_R2_001,50-D,R2,Unpaired1,NA,172615,100850
528,50-D_S119_L003_R2_001,50-D,R2,Unpaired2,NA,NA,575446
529,50-E_S10_L003_R1_001,50-E,R1,Paired,28817602,14473989,13948154
530,50-E_S10_L003_R1_001,50-E,R1,Unpaired1,NA,14003899,13804812
531,50-E_S10_L003_R1_001,50-E,R1,Unpaired2,NA,NA,174665
532,50-E_S10_L003_R2_001,50-E,R2,Paired,28817602,14473989,13948154
533,50-E_S10_L003_R2_001,50-E,R2,Unpaired1,NA,166117,63177
534,50-E_S10_L003_R2_001,50-E,R2,Unpaired2,NA,NA,274585
535,50-F_S62_L003_R1_001,50-F,R1,Paired,24867886,13949766,13519757
536,50-F_S62_L003_R1_001,50-F,R1,Unpaired1,NA,10568356,10427259
537,50-F_S62_L003_R1_001,50-F,R1,Unpaired2,NA,NA,171993
538,50-F_S62_L003_R2_001,50-F,R2,Paired,24867886,13949766,13519757
539,50-F_S62_L003_R2_001,50-F,R2,Unpaired1,NA,212033,46015
540,50-F_S62_L003_R2_001,50-F,R2,Unpaired2,NA,NA,211857
541,50-G_S118_L003_R1_001,50-G,R1,Paired,30055357,17306387,15545704
542,50-G_S118_L003_R1_001,50-G,R1,Unpaired1,NA,12241139,11906161
543,50-G_S118_L003_R1_001,50-G,R1,Unpaired2,NA,NA,222750
544,50-G_S118_L003_R2_001,50-G,R2,Paired,30055357,17306387,15545704
545,50-G_S118_L003_R2_001,50-G,R2,Unpaired1,NA,322324,169630
546,50-G_S118_L003_R2_001,50-G,R2,Unpaired2,NA,NA,966723
547,50-H_S97_L003_R1_001,50-H,R1,Paired,29219653,17141577,14294801
548,50-H_S97_L003_R1_001,50-H,R1,Unpaired1,NA,11394815,10891057
549,50-H_S97_L003_R1_001,50-H,R1,Unpaired2,NA,NA,351042
550,50-H_S97_L003_R2_001,50-H,R2,Paired,29219653,17141577,14294801
551,50-H_S97_L003_R2_001,50-H,R2,Unpaired1,NA,481368,253408
552,50-H_S97_L003_R2_001,50-H,R2,Unpaired2,NA,NA,1463584
553,50-M_S21_L003_R1_001,50-M,R1,Paired,25885873,14656434,14281348
554,50-M_S21_L003_R1_001,50-M,R1,Unpaired1,NA,10971147,10844368
555,50-M_S21_L003_R1_001,50-M,R1,Unpaired2,NA,NA,146344
556,50-M_S21_L003_R2_001,50-M,R2,Paired,25885873,14656434,14281348
557,50-M_S21_L003_R2_001,50-M,R2,Unpaired1,NA,92858,43652
558,50-M_S21_L003_R2_001,50-M,R2,Unpaired2,NA,NA,191287
559,50-N_S20_L003_R1_001,50-N,R1,Paired,24112742,13779201,13337480
560,50-N_S20_L003_R1_001,50-N,R1,Unpaired1,NA,10153277,10010662
561,50-N_S20_L003_R1_001,50-N,R1,Unpaired2,NA,NA,153351
562,50-N_S20_L003_R2_001,50-N,R2,Paired,24112742,13779201,13337480
563,50-N_S20_L003_R2_001,50-N,R2,Unpaired1,NA,87288,51035
564,50-N_S20_L003_R2_001,50-N,R2,Unpaired2,NA,NA,240132
565,50-O_S74_L003_R1_001,50-O,R1,Paired,27358658,14284136,13833955
566,50-O_S74_L003_R1_001,50-O,R1,Unpaired1,NA,12851487,12685226
567,50-O_S74_L003_R1_001,50-O,R1,Unpaired2,NA,NA,149892
568,50-O_S74_L003_R2_001,50-O,R2,Paired,27358658,14284136,13833955
569,50-O_S74_L003_R2_001,50-O,R2,Unpaired1,NA,89921,56199
570,50-O_S74_L003_R2_001,50-O,R2,Unpaired2,NA,NA,242672
571,50-P_S86_L003_R1_001,50-P,R1,Paired,28028325,15042974,14593346
572,50-P_S86_L003_R1_001,50-P,R1,Unpaired1,NA,12566335,12416510
573,50-P_S86_L003_R1_001,50-P,R1,Unpaired2,NA,NA,163618
574,50-P_S86_L003_R2_001,50-P,R2,Paired,28028325,15042974,14593346
575,50-P_S86_L003_R2_001,50-P,R2,Unpaired1,NA,296283,54275
576,50-P_S86_L003_R2_001,50-P,R2,Unpaired2,NA,NA,237121
577,62-A_S108_L003_R1_001,62-A,R1,Paired,27343827,16015717,14552534
578,62-A_S108_L003_R1_001,62-A,R1,Unpaired1,NA,10842547,10564016
579,62-A_S108_L003_R1_001,62-A,R1,Unpaired2,NA,NA,191942
580,62-A_S108_L003_R2_001,62-A,R2,Paired,27343827,16015717,14552534
581,62-A_S108_L003_R2_001,62-A,R2,Unpaired1,NA,294208,132772
582,62-A_S108_L003_R2_001,62-A,R2,Unpaired2,NA,NA,772428
583,62-B_S69_L003_R1_001,62-B,R1,Paired,23736842,12668894,12316783
584,62-B_S69_L003_R1_001,62-B,R1,Unpaired1,NA,10895365,10776689
585,62-B_S69_L003_R1_001,62-B,R1,Unpaired2,NA,NA,128002
586,62-B_S69_L003_R2_001,62-B,R2,Paired,23736842,12668894,12316783
587,62-B_S69_L003_R2_001,62-B,R2,Unpaired1,NA,64052,42292
588,62-B_S69_L003_R2_001,62-B,R2,Unpaired2,NA,NA,177712
589,62-C_S15_L003_R1_001,62-C,R1,Paired,30895067,17714958,17204789
590,62-C_S15_L003_R1_001,62-C,R1,Unpaired1,NA,12900053,12736660
591,62-C_S15_L003_R1_001,62-C,R1,Unpaired2,NA,NA,175032
592,62-C_S15_L003_R2_001,62-C,R2,Paired,30895067,17714958,17204789
593,62-C_S15_L003_R2_001,62-C,R2,Unpaired1,NA,147900,63597
594,62-C_S15_L003_R2_001,62-C,R2,Unpaired2,NA,NA,274427
595,62-D_S47_L003_R1_001,62-D,R1,Paired,27008442,15968352,15562309
596,62-D_S47_L003_R1_001,62-D,R1,Unpaired1,NA,10832128,10698190
597,62-D_S47_L003_R1_001,62-D,R1,Unpaired2,NA,NA,165913
598,62-D_S47_L003_R2_001,62-D,R2,Paired,27008442,15968352,15562309
599,62-D_S47_L003_R2_001,62-D,R2,Unpaired1,NA,112076,44707
600,62-D_S47_L003_R2_001,62-D,R2,Unpaired2,NA,NA,210939
601,62-E_S58_L003_R1_001,62-E,R1,Paired,27731495,15639009,15234105
602,62-E_S58_L003_R1_001,62-E,R1,Unpaired1,NA,11864110,11722280
603,62-E_S58_L003_R1_001,62-E,R1,Unpaired2,NA,NA,148867
604,62-E_S58_L003_R2_001,62-E,R2,Paired,27731495,15639009,15234105
605,62-E_S58_L003_R2_001,62-E,R2,Unpaired1,NA,113131,50463
606,62-E_S58_L003_R2_001,62-E,R2,Unpaired2,NA,NA,219179
607,62-F_S28_L003_R1_001,62-F,R1,Paired,27865069,13414853,12959590
608,62-F_S28_L003_R1_001,62-F,R1,Unpaired1,NA,13892679,13715697
609,62-F_S28_L003_R1_001,62-F,R1,Unpaired2,NA,NA,157066
610,62-F_S28_L003_R2_001,62-F,R2,Paired,27865069,13414853,12959590
611,62-F_S28_L003_R2_001,62-F,R2,Unpaired1,NA,331645,54558
612,62-F_S28_L003_R2_001,62-F,R2,Unpaired2,NA,NA,231569
613,62-G_S117_L003_R1_001,62-G,R1,Paired,26307407,14690168,11291079
614,62-G_S117_L003_R1_001,62-G,R1,Unpaired1,NA,10739500,10089003
615,62-G_S117_L003_R1_001,62-G,R1,Unpaired2,NA,NA,437794
616,62-G_S117_L003_R2_001,62-G,R2,Paired,26307407,14690168,11291079
617,62-G_S117_L003_R2_001,62-G,R2,Unpaired1,NA,682047,242657
618,62-G_S117_L003_R2_001,62-G,R2,Unpaired2,NA,NA,1456723
619,62-H_S3_L003_R1_001,62-H,R1,Paired,27324997,16571992,16144117
620,62-H_S3_L003_R1_001,62-H,R1,Unpaired1,NA,10565530,10440903
621,62-H_S3_L003_R1_001,62-H,R1,Unpaired2,NA,NA,146664
622,62-H_S3_L003_R2_001,62-H,R2,Paired,27324997,16571992,16144117
623,62-H_S3_L003_R2_001,62-H,R2,Unpaired1,NA,82176,53595
624,62-H_S3_L003_R2_001,62-H,R2,Unpaired2,NA,NA,236857
625,62-M_S64_L003_R1_001,62-M,R1,Paired,25860193,13935192,13512463
626,62-M_S64_L003_R1_001,62-M,R1,Unpaired1,NA,11696401,11559147
627,62-M_S64_L003_R1_001,62-M,R1,Unpaired2,NA,NA,146962
628,62-M_S64_L003_R2_001,62-M,R2,Paired,25860193,13935192,13512463
629,62-M_S64_L003_R2_001,62-M,R2,Unpaired1,NA,112070,50483
630,62-M_S64_L003_R2_001,62-M,R2,Unpaired2,NA,NA,220027
631,62-N_S100_L003_R1_001,62-N,R1,Paired,28774753,16883993,15231667
632,62-N_S100_L003_R1_001,62-N,R1,Unpaired1,NA,11442760,11154840
633,62-N_S100_L003_R1_001,62-N,R1,Unpaired2,NA,NA,213572
634,62-N_S100_L003_R2_001,62-N,R2,Paired,28774753,16883993,15231667
635,62-N_S100_L003_R2_001,62-N,R2,Unpaired1,NA,274593,148038
636,62-N_S100_L003_R2_001,62-N,R2,Unpaired2,NA,NA,866975
637,62-O_S89_L003_R1_001,62-O,R1,Paired,27622780,14277753,13879669
638,62-O_S89_L003_R1_001,62-O,R1,Unpaired1,NA,13059834,12919429
639,62-O_S89_L003_R1_001,62-O,R1,Unpaired2,NA,NA,149397
640,62-O_S89_L003_R2_001,62-O,R2,Paired,27622780,14277753,13879669
641,62-O_S89_L003_R2_001,62-O,R2,Unpaired1,NA,93751,51245
642,62-O_S89_L003_R2_001,62-O,R2,Unpaired2,NA,NA,198753
643,62-P_S43_L003_R1_001,62-P,R1,Paired,28519133,18534483,18105913
644,62-P_S43_L003_R1_001,62-P,R1,Unpaired1,NA,9800714,9699511
645,62-P_S43_L003_R1_001,62-P,R1,Unpaired2,NA,NA,146627
646,62-P_S43_L003_R2_001,62-P,R2,Paired,28519133,18534483,18105913
647,62-P_S43_L003_R2_001,62-P,R2,Unpaired1,NA,95746,58281
648,62-P_S43_L003_R2_001,62-P,R2,Unpaired2,NA,NA,238807
649,7-A_S23_L003_R1_001,7-A,R1,Paired,27108326,12853238,12465806
650,7-A_S23_L003_R1_001,7-A,R1,Unpaired1,NA,13950274,13820795
651,7-A_S23_L003_R1_001,7-A,R1,Unpaired2,NA,NA,138843
652,7-A_S23_L003_R2_001,7-A,R2,Paired,27108326,12853238,12465806
653,7-A_S23_L003_R2_001,7-A,R2,Unpaired1,NA,182023,50576
654,7-A_S23_L003_R2_001,7-A,R2,Unpaired2,NA,NA,196095
655,7-B_S36_L003_R1_001,7-B,R1,Paired,26203825,14537117,14199981
656,7-B_S36_L003_R1_001,7-B,R1,Unpaired1,NA,11404521,11299084
657,7-B_S36_L003_R1_001,7-B,R1,Unpaired2,NA,NA,129588
658,7-B_S36_L003_R2_001,7-B,R2,Paired,26203825,14537117,14199981
659,7-B_S36_L003_R2_001,7-B,R2,Unpaired1,NA,131995,43098
660,7-B_S36_L003_R2_001,7-B,R2,Unpaired2,NA,NA,169724
661,7-C_S32_L003_R1_001,7-C,R1,Paired,23646610,11291465,10657035
662,7-C_S32_L003_R1_001,7-C,R1,Unpaired1,NA,11815867,11619648
663,7-C_S32_L003_R1_001,7-C,R1,Unpaired2,NA,NA,235255
664,7-C_S32_L003_R2_001,7-C,R2,Paired,23646610,11291465,10657035
665,7-C_S32_L003_R2_001,7-C,R2,Unpaired1,NA,319343,66141
666,7-C_S32_L003_R2_001,7-C,R2,Unpaired2,NA,NA,288987
667,7-E_S88_L003_R1_001,7-E,R1,Paired,27284441,11788933,11343177
668,7-E_S88_L003_R1_001,7-E,R1,Unpaired1,NA,15165465,14968873
669,7-E_S88_L003_R1_001,7-E,R1,Unpaired2,NA,NA,156303
670,7-E_S88_L003_R2_001,7-E,R2,Paired,27284441,11788933,11343177
671,7-E_S88_L003_R2_001,7-E,R2,Unpaired1,NA,152013,55222
672,7-E_S88_L003_R2_001,7-E,R2,Unpaired2,NA,NA,226124
673,7-F_S98_L003_R1_001,7-F,R1,Paired,25968514,15878682,13776605
674,7-F_S98_L003_R1_001,7-F,R1,Unpaired1,NA,9624988,9256408
675,7-F_S98_L003_R1_001,7-F,R1,Unpaired2,NA,NA,288998
676,7-F_S98_L003_R2_001,7-F,R2,Paired,25968514,15878682,13776605
677,7-F_S98_L003_R2_001,7-F,R2,Unpaired1,NA,321985,163173
678,7-F_S98_L003_R2_001,7-F,R2,Unpaired2,NA,NA,1079453
679,7-G_S48_L003_R1_001,7-G,R1,Paired,26670724,13633697,13242995
680,7-G_S48_L003_R1_001,7-G,R1,Unpaired1,NA,12784294,12646337
681,7-G_S48_L003_R1_001,7-G,R1,Unpaired2,NA,NA,149121
682,7-G_S48_L003_R2_001,7-G,R2,Paired,26670724,13633697,13242995
683,7-G_S48_L003_R2_001,7-G,R2,Unpaired1,NA,115150,48241
684,7-G_S48_L003_R2_001,7-G,R2,Unpaired2,NA,NA,193679
685,7-H_S82_L003_R1_001,7-H,R1,Paired,29569970,15379213,14855811
686,7-H_S82_L003_R1_001,7-H,R1,Unpaired1,NA,13952287,13759105
687,7-H_S82_L003_R1_001,7-H,R1,Unpaired2,NA,NA,175280
688,7-H_S82_L003_R2_001,7-H,R2,Paired,29569970,15379213,14855811
689,7-H_S82_L003_R2_001,7-H,R2,Unpaired1,NA,107961,59920
690,7-H_S82_L003_R2_001,7-H,R2,Unpaired2,NA,NA,278830
691,7-M_S76_L003_R1_001,7-M,R1,Paired,28080811,16588104,16177989
692,7-M_S76_L003_R1_001,7-M,R1,Unpaired1,NA,11285712,11160661
693,7-M_S76_L003_R1_001,7-M,R1,Unpaired2,NA,NA,153641
694,7-M_S76_L003_R2_001,7-M,R2,Paired,28080811,16588104,16177989
695,7-M_S76_L003_R2_001,7-M,R2,Unpaired1,NA,91466,51678
696,7-M_S76_L003_R2_001,7-M,R2,Unpaired2,NA,NA,216222
697,7-N_S11_L003_R1_001,7-N,R1,Paired,26737415,13920562,13476854
698,7-N_S11_L003_R1_001,7-N,R1,Unpaired1,NA,12572610,12419019
699,7-N_S11_L003_R1_001,7-N,R1,Unpaired2,NA,NA,145005
700,7-N_S11_L003_R2_001,7-N,R2,Paired,26737415,13920562,13476854
701,7-N_S11_L003_R2_001,7-N,R2,Unpaired1,NA,105291,54914
702,7-N_S11_L003_R2_001,7-N,R2,Unpaired2,NA,NA,235015
703,7-O_S63_L003_R1_001,7-O,R1,Paired,26064592,12948352,12563605
704,7-O_S63_L003_R1_001,7-O,R1,Unpaired1,NA,12842402,12731954
705,7-O_S63_L003_R1_001,7-O,R1,Unpaired2,NA,NA,165281
706,7-O_S63_L003_R2_001,7-O,R2,Paired,26064592,12948352,12563605
707,7-O_S63_L003_R2_001,7-O,R2,Unpaired1,NA,130616,47835
708,7-O_S63_L003_R2_001,7-O,R2,Unpaired2,NA,NA,166523
709,7-P_S103_L003_R1_001,7-P,R1,Paired,31324697,17163334,14999290
710,7-P_S103_L003_R1_001,7-P,R1,Unpaired1,NA,13604374,13212098
711,7-P_S103_L003_R1_001,7-P,R1,Unpaired2,NA,NA,257238
712,7-P_S103_L003_R2_001,7-P,R2,Paired,31324697,17163334,14999290
713,7-P_S103_L003_R2_001,7-P,R2,Unpaired1,NA,313624,178937
714,7-P_S103_L003_R2_001,7-P,R2,Unpaired2,NA,NA,1085923
