,SampleId,Pairedness2,Sample,Read,Initial,afterTrimmo,afterTrimGal_Sum
1,1-A_S44_L003_R1_001,Paired,1-A,R1,30978167,16832615,16297580
2,1-A_S44_L003_R1_001,Unpaired,1-A,R1,NA,13761993,13791181
3,1-A_S44_L003_R2_001,Paired,1-A,R2,30978167,16832615,16297580
4,1-A_S44_L003_R2_001,Unpaired,1-A,R2,NA,195402,327765
5,1-B_S102_L003_R1_001,Paired,1-B,R1,28392676,16245730,14132700
6,1-B_S102_L003_R1_001,Unpaired,1-B,R1,NA,11629946,11517281
7,1-B_S102_L003_R2_001,Paired,1-B,R2,28392676,16245730,14132700
8,1-B_S102_L003_R2_001,Unpaired,1-B,R2,NA,324558,1225559
9,1-C_S105_L003_R1_001,Paired,1-C,R1,19437343,10985065,4667655
10,1-C_S105_L003_R1_001,Unpaired,1-C,R1,NA,6997488,6621369
11,1-C_S105_L003_R2_001,Paired,1-C,R2,19437343,10985065,4667655
12,1-C_S105_L003_R2_001,Unpaired,1-C,R2,NA,1261964,3866469
13,1-D_S79_L003_R1_001,Paired,1-D,R1,28168766,15210499,14782979
14,1-D_S79_L003_R1_001,Unpaired,1-D,R1,NA,12744626,12750566
15,1-D_S79_L003_R2_001,Paired,1-D,R2,28168766,15210499,14782979
16,1-D_S79_L003_R2_001,Unpaired,1-D,R2,NA,80881,274037
17,1-E_S13_L003_R1_001,Paired,1-E,R1,25308722,14627190,14166873
18,1-E_S13_L003_R1_001,Unpaired,1-E,R1,NA,10460703,10485212
19,1-E_S13_L003_R2_001,Paired,1-E,R2,25308722,14627190,14166873
20,1-E_S13_L003_R2_001,Unpaired,1-E,R2,NA,117587,305869
21,1-F_S116_L003_R1_001,Paired,1-F,R1,24956621,13811926,11456956
22,1-F_S116_L003_R1_001,Unpaired,1-F,R1,NA,10370952,10170981
23,1-F_S116_L003_R2_001,Paired,1-F,R2,24956621,13811926,11456956
24,1-F_S116_L003_R2_001,Unpaired,1-F,R2,NA,595900,1282662
25,1-G_S29_L003_R1_001,Paired,1-G,R1,26477827,14806623,14389628
26,1-G_S29_L003_R1_001,Unpaired,1-G,R1,NA,11432620,11445899
27,1-G_S29_L003_R2_001,Paired,1-G,R2,26477827,14806623,14389628
28,1-G_S29_L003_R2_001,Unpaired,1-G,R2,NA,103160,273528
29,1-H_S84_L003_R1_001,Paired,1-H,R1,28197812,14569799,14128177
30,1-H_S84_L003_R1_001,Unpaired,1-H,R1,NA,13347219,13356794
31,1-H_S84_L003_R2_001,Paired,1-H,R2,28197812,14569799,14128177
32,1-H_S84_L003_R2_001,Unpaired,1-H,R2,NA,98505,265621
33,1-M_S68_L003_R1_001,Paired,1-M,R1,27768358,12031508,11679430
34,1-M_S68_L003_R1_001,Unpaired,1-M,R1,NA,15029304,15092734
35,1-M_S68_L003_R2_001,Paired,1-M,R2,27768358,12031508,11679430
36,1-M_S68_L003_R2_001,Unpaired,1-M,R2,NA,554185,198780
37,1-N_S95_L003_R1_001,Paired,1-N,R1,25238225,15322194,14479268
38,1-N_S95_L003_R1_001,Unpaired,1-N,R1,NA,9544248,9850664
39,1-N_S95_L003_R2_001,Paired,1-N,R2,25238225,15322194,14479268
40,1-N_S95_L003_R2_001,Unpaired,1-N,R2,NA,276661,343380
41,1-O_S54_L003_R1_001,Paired,1-O,R1,28729170,17059793,16593631
42,1-O_S54_L003_R1_001,Unpaired,1-O,R1,NA,11448289,11483721
43,1-O_S54_L003_R2_001,Paired,1-O,R2,28729170,17059793,16593631
44,1-O_S54_L003_R2_001,Unpaired,1-O,R2,NA,107284,300114
45,1-P_S114_L003_R1_001,Paired,1-P,R1,23763750,16973960,15803526
46,1-P_S114_L003_R1_001,Unpaired,1-P,R1,NA,6504636,6515231
47,1-P_S114_L003_R2_001,Paired,1-P,R2,23763750,16973960,15803526
48,1-P_S114_L003_R2_001,Unpaired,1-P,R2,NA,225137,703508
49,13-A_S112_L003_R1_001,Paired,13-A,R1,21329890,12513209,11088934
50,13-A_S112_L003_R1_001,Unpaired,13-A,R1,NA,8475281,8383925
51,13-A_S112_L003_R2_001,Paired,13-A,R2,21329890,12513209,11088934
52,13-A_S112_L003_R2_001,Unpaired,13-A,R2,NA,210236,859213
53,13-B_S67_L003_R1_001,Paired,13-B,R1,28147663,14534789,14130298
54,13-B_S67_L003_R1_001,Unpaired,13-B,R1,NA,13307439,13302510
55,13-B_S67_L003_R2_001,Paired,13-B,R2,28147663,14534789,14130298
56,13-B_S67_L003_R2_001,Unpaired,13-B,R2,NA,149418,266035
57,13-C_S61_L003_R1_001,Paired,13-C,R1,28217033,15576352,15132269
58,13-C_S61_L003_R1_001,Unpaired,13-C,R1,NA,12423172,12425831
59,13-C_S61_L003_R2_001,Paired,13-C,R2,28217033,15576352,15132269
60,13-C_S61_L003_R2_001,Unpaired,13-C,R2,NA,103408,292270
61,13-D_S8_L003_R1_001,Paired,13-D,R1,26030615,15836557,15292351
62,13-D_S8_L003_R1_001,Unpaired,13-D,R1,NA,9980177,10018102
63,13-D_S8_L003_R2_001,Paired,13-D,R2,26030615,15836557,15292351
64,13-D_S8_L003_R2_001,Unpaired,13-D,R2,NA,92176,352647
65,13-E_S77_L003_R1_001,Paired,13-E,R1,25640739,14679057,14254621
66,13-E_S77_L003_R1_001,Unpaired,13-E,R1,NA,10770072,10780879
67,13-E_S77_L003_R2_001,Paired,13-E,R2,25640739,14679057,14254621
68,13-E_S77_L003_R2_001,Unpaired,13-E,R2,NA,96664,281073
69,13-F_S104_L003_R1_001,Paired,13-F,R1,27785126,15836354,13207231
70,13-F_S104_L003_R1_001,Unpaired,13-F,R1,NA,11374699,11163456
71,13-F_S104_L003_R2_001,Paired,13-F,R2,27785126,15836354,13207231
72,13-F_S104_L003_R2_001,Unpaired,13-F,R2,NA,368346,1532593
73,13-G_S50_L003_R1_001,Paired,13-G,R1,25474383,14712723,14317371
74,13-G_S50_L003_R1_001,Unpaired,13-G,R1,NA,10575560,10590673
75,13-G_S50_L003_R2_001,Paired,13-G,R2,25474383,14712723,14317371
76,13-G_S50_L003_R2_001,Unpaired,13-G,R2,NA,71902,258287
77,13-H_S19_L003_R1_001,Paired,13-H,R1,26071008,15326035,14822670
78,13-H_S19_L003_R1_001,Unpaired,13-H,R1,NA,10499134,10527879
79,13-H_S19_L003_R2_001,Paired,13-H,R2,26071008,15326035,14822670
80,13-H_S19_L003_R2_001,Unpaired,13-H,R2,NA,130337,326742
81,13-M_S109_L003_R1_001,Paired,13-M,R1,22108394,12841431,11376324
82,13-M_S109_L003_R1_001,Unpaired,13-M,R1,NA,8886183,8810786
83,13-M_S109_L003_R2_001,Paired,13-M,R2,22108394,12841431,11376324
84,13-M_S109_L003_R2_001,Unpaired,13-M,R2,NA,243478,906247
85,13-N_S81_L003_R1_001,Paired,44-N,R1,24548828,12862017,12505761
86,13-N_S81_L003_R1_001,Unpaired,44-N,R1,NA,11478704,11482583
87,13-N_S81_L003_R2_001,Paired,44-N,R2,24548828,12862017,12505761
88,13-N_S81_L003_R2_001,Unpaired,44-N,R2,NA,70984,222717
89,13-O_S33_L003_R1_001,Paired,13-O,R1,29418994,16696668,16208657
90,13-O_S33_L003_R1_001,Unpaired,13-O,R1,NA,12460400,12470120
91,13-O_S33_L003_R2_001,Paired,13-O,R2,29418994,16696668,16208657
92,13-O_S33_L003_R2_001,Unpaired,13-O,R2,NA,107568,322154
93,13-P_S99_L003_R1_001,Paired,13-P,R1,27951221,16842086,15083926
94,13-P_S99_L003_R1_001,Unpaired,13-P,R1,NA,10647000,10543736
95,13-P_S99_L003_R2_001,Paired,13-P,R2,27951221,16842086,15083926
96,13-P_S99_L003_R2_001,Unpaired,13-P,R2,NA,288320,1040382
97,3-A_S90_L003_R1_001,Paired,3-A,R1,27458445,15606139,15126644
98,3-A_S90_L003_R1_001,Unpaired,3-A,R1,NA,11596828,11615038
99,3-A_S90_L003_R2_001,Paired,3-A,R2,27458445,15606139,15126644
100,3-A_S90_L003_R2_001,Unpaired,3-A,R2,NA,112784,303793
101,3-B_S25_L003_R1_001,Paired,3-B,R1,24522795,12938827,12470220
102,3-B_S25_L003_R1_001,Unpaired,3-B,R1,NA,11333682,11353989
103,3-B_S25_L003_R2_001,Paired,3-B,R2,24522795,12938827,12470220
104,3-B_S25_L003_R2_001,Unpaired,3-B,R2,NA,113798,282769
105,3-C_S9_L003_R1_001,Paired,3-C,R1,24378489,12515723,12140329
106,3-C_S9_L003_R1_001,Unpaired,3-C,R1,NA,11637031,11622553
107,3-C_S9_L003_R2_001,Paired,3-C,R2,24378489,12515723,12140329
108,3-C_S9_L003_R2_001,Unpaired,3-C,R2,NA,80049,244906
109,3-D_S75_L003_R1_001,Paired,3-D,R1,26999102,14358147,13944954
110,3-D_S75_L003_R1_001,Unpaired,3-D,R1,NA,12449898,12441398
111,3-D_S75_L003_R2_001,Paired,3-D,R2,26999102,14358147,13944954
112,3-D_S75_L003_R2_001,Unpaired,3-D,R2,NA,90377,275126
113,3-E_S39_L003_R1_001,Paired,3-E,R1,27730603,15600043,15145217
114,3-E_S39_L003_R1_001,Unpaired,3-E,R1,NA,11895540,11906416
115,3-E_S39_L003_R2_001,Paired,3-E,R2,27730603,15600043,15145217
116,3-E_S39_L003_R2_001,Unpaired,3-E,R2,NA,115565,297093
117,3-F_S4_L003_R1_001,Paired,3-F,R1,30433635,17721096,17220758
118,3-F_S4_L003_R1_001,Unpaired,3-F,R1,NA,12390080,12439290
119,3-F_S4_L003_R2_001,Paired,3-F,R2,30433635,17721096,17220758
120,3-F_S4_L003_R2_001,Unpaired,3-F,R2,NA,138640,302829
121,3-G_S16_L003_R1_001,Paired,3-G,R1,27318509,14418124,13836564
122,3-G_S16_L003_R1_001,Unpaired,3-G,R1,NA,12675198,12662114
123,3-G_S16_L003_R2_001,Paired,3-G,R2,27318509,14418124,13836564
124,3-G_S16_L003_R2_001,Unpaired,3-G,R2,NA,110868,384878
125,3-H_S110_L003_R1_001,Paired,3-H,R1,26606422,18002053,16116574
126,3-H_S110_L003_R1_001,Unpaired,3-H,R1,NA,8042886,7938448
127,3-H_S110_L003_R2_001,Paired,3-H,R2,26606422,18002053,16116574
128,3-H_S110_L003_R2_001,Unpaired,3-H,R2,NA,447233,1115746
129,3-M_S65_L003_R1_001,Paired,3-M,R1,30649742,14468225,13889442
130,3-M_S65_L003_R1_001,Unpaired,3-M,R1,NA,15811313,15801832
131,3-M_S65_L003_R2_001,Paired,3-M,R2,30649742,14468225,13889442
132,3-M_S65_L003_R2_001,Unpaired,3-M,R2,NA,135136,336195
133,3-N_S46_L003_R1_001,Paired,3-N,R1,27959790,15314662,14892256
134,3-N_S46_L003_R1_001,Unpaired,3-N,R1,NA,12420307,12424533
135,3-N_S46_L003_R2_001,Paired,3-N,R2,27959790,15314662,14892256
136,3-N_S46_L003_R2_001,Unpaired,3-N,R2,NA,84873,273758
137,3-O_S115_L003_R1_001,Paired,3-O,R1,25943632,14867285,13005681
138,3-O_S115_L003_R1_001,Unpaired,3-O,R1,NA,10590665,10475422
139,3-O_S115_L003_R2_001,Paired,3-O,R2,25943632,14867285,13005681
140,3-O_S115_L003_R2_001,Unpaired,3-O,R2,NA,312786,1105906
141,3-P_S72_L003_R1_001,Paired,3-P,R1,26116162,13846601,13444968
142,3-P_S72_L003_R1_001,Unpaired,3-P,R1,NA,12077436,12070462
143,3-P_S72_L003_R2_001,Paired,3-P,R2,26116162,13846601,13444968
144,3-P_S72_L003_R2_001,Unpaired,3-P,R2,NA,93891,261410
145,31-A_S71_L003_R1_001,Paired,31-A,R1,27765592,14779624,14344774
146,31-A_S71_L003_R1_001,Unpaired,31-A,R1,NA,12758941,12764829
147,31-A_S71_L003_R2_001,Paired,31-A,R2,27765592,14779624,14344774
148,31-A_S71_L003_R2_001,Unpaired,31-A,R2,NA,110997,280885
149,31-B_S35_L003_R1_001,Paired,31-B,R1,28386451,16699311,16267656
150,31-B_S35_L003_R1_001,Unpaired,31-B,R1,NA,11464906,11487993
151,31-B_S35_L003_R2_001,Paired,31-B,R2,28386451,16699311,16267656
152,31-B_S35_L003_R2_001,Unpaired,31-B,R2,NA,94394,287249
153,31-C_S80_L003_R1_001,Paired,31-C,R1,23842041,11129112,10712052
154,31-C_S80_L003_R1_001,Unpaired,31-C,R1,NA,12474160,12480472
155,31-C_S80_L003_R2_001,Paired,31-C,R2,23842041,11129112,10712052
156,31-C_S80_L003_R2_001,Unpaired,31-C,R2,NA,115051,253924
157,31-D_S113_L003_R1_001,Paired,31-D,R1,27520250,16427896,14699048
158,31-D_S113_L003_R1_001,Unpaired,31-D,R1,NA,10498763,10396672
159,31-D_S113_L003_R2_001,Paired,31-D,R2,27520250,16427896,14699048
160,31-D_S113_L003_R2_001,Unpaired,31-D,R2,NA,412260,932356
161,31-E_S17_L003_R1_001,Paired,31-E,R1,21619773,11279678,10800629
162,31-E_S17_L003_R1_001,Unpaired,31-E,R1,NA,10051740,10043923
163,31-E_S17_L003_R2_001,Paired,31-E,R2,21619773,11279678,10800629
164,31-E_S17_L003_R2_001,Unpaired,31-E,R2,NA,139429,301777
165,31-F_S49_L003_R1_001,Paired,31-F,R1,26601861,15345784,14925545
166,31-F_S49_L003_R1_001,Unpaired,31-F,R1,NA,11025833,11039828
167,31-F_S49_L003_R2_001,Paired,31-F,R2,26601861,15345784,14925545
168,31-F_S49_L003_R2_001,Unpaired,31-F,R2,NA,95035,281747
169,31-G_S106_L003_R1_001,Paired,31-G,R1,23565210,15693136,11205110
170,31-G_S106_L003_R1_001,Unpaired,31-G,R1,NA,6870508,6722376
171,31-G_S106_L003_R2_001,Paired,31-G,R2,23565210,15693136,11205110
172,31-G_S106_L003_R2_001,Unpaired,31-G,R2,NA,856627,2360618
173,31-H_S96_L003_R1_001,Paired,31-H,R1,20183109,11497518,10895672
174,31-H_S96_L003_R1_001,Unpaired,31-H,R1,NA,8446542,8451434
175,31-H_S96_L003_R2_001,Paired,31-H,R2,20183109,11497518,10895672
176,31-H_S96_L003_R2_001,Unpaired,31-H,R2,NA,159296,371101
177,31-M_S92_L003_R1_001,Paired,31-M,R1,26183510,12519808,12018420
178,31-M_S92_L003_R1_001,Unpaired,31-M,R1,NA,13415819,13389868
179,31-M_S92_L003_R2_001,Paired,31-M,R2,26183510,12519808,12018420
180,31-M_S92_L003_R2_001,Unpaired,31-M,R2,NA,107997,321333
181,31-N_S2_L003_R1_001,Paired,31-N,R1,26561181,15170985,14689590
182,31-N_S2_L003_R1_001,Unpaired,31-N,R1,NA,11146370,11179283
183,31-N_S2_L003_R2_001,Paired,31-N,R2,26561181,15170985,14689590
184,31-N_S2_L003_R2_001,Unpaired,31-N,R2,NA,90136,305162
185,31-O_S66_L003_R1_001,Paired,31-O,R1,25803407,12760266,12229863
186,31-O_S66_L003_R1_001,Unpaired,31-O,R1,NA,12789549,12800685
187,31-O_S66_L003_R2_001,Paired,31-O,R2,25803407,12760266,12229863
188,31-O_S66_L003_R2_001,Unpaired,31-O,R2,NA,135975,315267
189,31-P_S56_L003_R1_001,Paired,31-P,R1,23457699,11313058,10989850
190,31-P_S56_L003_R1_001,Unpaired,31-P,R1,NA,11852478,11866093
191,31-P_S56_L003_R2_001,Paired,31-P,R2,23457699,11313058,10989850
192,31-P_S56_L003_R2_001,Unpaired,31-P,R2,NA,118144,187496
193,36-A_S1_L003_R1_001,Paired,36-A,R1,26316603,14279182,13754078
194,36-A_S1_L003_R1_001,Unpaired,36-A,R1,NA,11736153,11739639
195,36-A_S1_L003_R2_001,Paired,36-A,R2,26316603,14279182,13754078
196,36-A_S1_L003_R2_001,Unpaired,36-A,R2,NA,125849,344280
197,36-B_S55_L003_R1_001,Paired,36-B,R1,29993157,16700654,16240648
198,36-B_S55_L003_R1_001,Unpaired,36-B,R1,NA,13010112,13024199
199,36-B_S55_L003_R2_001,Paired,36-B,R2,29993157,16700654,16240648
200,36-B_S55_L003_R2_001,Unpaired,36-B,R2,NA,120605,291587
201,36-C_S57_L003_R1_001,Paired,36-C,R1,23562955,12664393,12285794
202,36-C_S57_L003_R1_001,Unpaired,36-C,R1,NA,10694683,10703123
203,36-C_S57_L003_R2_001,Paired,36-C,R2,23562955,12664393,12285794
204,36-C_S57_L003_R2_001,Unpaired,36-C,R2,NA,79441,234922
205,36-D_S94_L003_R1_001,Paired,36-D,R1,24193212,13841777,13014007
206,36-D_S94_L003_R1_001,Unpaired,36-D,R1,NA,10044243,10111057
207,36-D_S94_L003_R2_001,Paired,36-D,R2,24193212,13841777,13014007
208,36-D_S94_L003_R2_001,Unpaired,36-D,R2,NA,163521,450866
209,36-E_S107_L003_R1_001,Paired,36-E,R1,25950785,14866792,11927008
210,36-E_S107_L003_R1_001,Unpaired,36-E,R1,NA,10384015,10113266
211,36-E_S107_L003_R2_001,Paired,36-E,R2,25950785,14866792,11927008
212,36-E_S107_L003_R2_001,Unpaired,36-E,R2,NA,505813,1618039
213,36-F_S31_L003_R1_001,Paired,36-F,R1,25614859,14598763,14185095
214,36-F_S31_L003_R1_001,Unpaired,36-F,R1,NA,10809101,10831318
215,36-F_S31_L003_R2_001,Paired,36-F,R2,25614859,14598763,14185095
216,36-F_S31_L003_R2_001,Unpaired,36-F,R2,NA,99464,269589
217,36-G_S7_L003_R1_001,Paired,36-G,R1,28046994,16793621,16314541
218,36-G_S7_L003_R1_001,Unpaired,36-G,R1,NA,11012063,11037380
219,36-G_S7_L003_R2_001,Paired,36-G,R2,28046994,16793621,16314541
220,36-G_S7_L003_R2_001,Unpaired,36-G,R2,NA,98545,313320
221,36-H_S52_L003_R1_001,Paired,36-H,R1,26011100,15687375,15187783
222,36-H_S52_L003_R1_001,Unpaired,36-H,R1,NA,10086999,10111912
223,36-H_S52_L003_R2_001,Paired,36-H,R2,26011100,15687375,15187783
224,36-H_S52_L003_R2_001,Unpaired,36-H,R2,NA,133789,334969
225,36-M_S37_L003_R1_001,Paired,36-M,R1,27663376,13524049,13076923
226,36-M_S37_L003_R1_001,Unpaired,36-M,R1,NA,13858622,13831477
227,36-M_S37_L003_R2_001,Paired,36-M,R2,27663376,13524049,13076923
228,36-M_S37_L003_R2_001,Unpaired,36-M,R2,NA,108363,290933
229,36-N_S40_L003_R1_001,Paired,36-N,R1,28469726,16340521,15873131
230,36-N_S40_L003_R1_001,Unpaired,36-N,R1,NA,11909764,11921507
231,36-N_S40_L003_R2_001,Paired,36-N,R2,28469726,16340521,15873131
232,36-N_S40_L003_R2_001,Unpaired,36-N,R2,NA,97148,312604
233,36-O_S22_L003_R1_001,Paired,36-O,R1,27548271,12483081,12009366
234,36-O_S22_L003_R1_001,Unpaired,36-O,R1,NA,14710661,14666766
235,36-O_S22_L003_R2_001,Paired,36-O,R2,27548271,12483081,12009366
236,36-O_S22_L003_R2_001,Unpaired,36-O,R2,NA,169608,299989
237,36-P_S85_L003_R1_001,Paired,36-P,R1,28101062,16212330,15754191
238,36-P_S85_L003_R1_001,Unpaired,36-P,R1,NA,11679989,11697570
239,36-P_S85_L003_R2_001,Paired,36-P,R2,28101062,16212330,15754191
240,36-P_S85_L003_R2_001,Unpaired,36-P,R2,NA,101241,302093
241,41-A_S91_L003_R1_001,Paired,41-A,R1,26214021,13108675,12650875
242,41-A_S91_L003_R1_001,Unpaired,41-A,R1,NA,12860929,12850719
243,41-A_S91_L003_R2_001,Paired,41-A,R2,26214021,13108675,12650875
244,41-A_S91_L003_R2_001,Unpaired,41-A,R2,NA,119481,299621
245,41-B_S101_L003_R1_001,Paired,41-B,R1,28846902,17110819,14520199
246,41-B_S101_L003_R1_001,Unpaired,41-B,R1,NA,11083652,10895225
247,41-B_S101_L003_R2_001,Paired,41-B,R2,28846902,17110819,14520199
248,41-B_S101_L003_R2_001,Unpaired,41-B,R2,NA,444026,1472440
249,41-C_S27_L003_R1_001,Paired,41-C,R1,27670431,15935542,15424203
250,41-C_S27_L003_R1_001,Unpaired,41-C,R1,NA,11499383,11527118
251,41-C_S27_L003_R2_001,Paired,41-C,R2,27670431,15935542,15424203
252,41-C_S27_L003_R2_001,Unpaired,41-C,R2,NA,136768,342641
253,41-D_S12_L003_R1_001,Paired,41-D,R1,23769494,11213355,10701872
254,41-D_S12_L003_R1_001,Unpaired,41-D,R1,NA,12233331,12222535
255,41-D_S12_L003_R2_001,Paired,41-D,R2,23769494,11213355,10701872
256,41-D_S12_L003_R2_001,Unpaired,41-D,R2,NA,162838,311985
257,41-E_S6_L003_R1_001,Paired,41-E,R1,30071189,18406460,17865868
258,41-E_S6_L003_R1_001,Unpaired,41-E,R1,NA,11437444,11479397
259,41-E_S6_L003_R2_001,Paired,41-E,R2,30071189,18406460,17865868
260,41-E_S6_L003_R2_001,Unpaired,41-E,R2,NA,95876,350067
261,41-F_S60_L003_R1_001,Paired,41-F,R1,23797385,12685829,12333970
262,41-F_S60_L003_R1_001,Unpaired,41-F,R1,NA,10931467,10951717
263,41-F_S60_L003_R2_001,Paired,41-F,R2,23797385,12685829,12333970
264,41-F_S60_L003_R2_001,Unpaired,41-F,R2,NA,93978,216684
265,41-G_S18_L003_R1_001,Paired,41-G,R1,26948162,13705274,13009534
266,41-G_S18_L003_R1_001,Unpaired,41-G,R1,NA,12916431,12896469
267,41-G_S18_L003_R2_001,Paired,41-G,R2,26948162,13705274,13009534
268,41-G_S18_L003_R2_001,Unpaired,41-G,R2,NA,181023,435686
269,41-H_S41_L003_R1_001,Paired,41-H,R1,28172233,15983405,15405896
270,41-H_S41_L003_R1_001,Unpaired,41-H,R1,NA,11906513,11940414
271,41-H_S41_L003_R2_001,Paired,41-H,R2,28172233,15983405,15405896
272,41-H_S41_L003_R2_001,Unpaired,41-H,R2,NA,124079,356655
273,41-M_S34_L003_R1_001,Paired,41-M,R1,29076288,14949247,14557305
274,41-M_S34_L003_R1_001,Unpaired,41-M,R1,NA,13745598,13811182
275,41-M_S34_L003_R2_001,Paired,41-M,R2,29076288,14949247,14557305
276,41-M_S34_L003_R2_001,Unpaired,41-M,R2,NA,233909,222339
277,41-N_S78_L003_R1_001,Paired,41-N,R1,26070936,14730712,14363467
278,41-N_S78_L003_R1_001,Unpaired,41-N,R1,NA,11177451,11195462
279,41-N_S78_L003_R2_001,Paired,41-N,R2,26070936,14730712,14363467
280,41-N_S78_L003_R2_001,Unpaired,41-N,R2,NA,81332,236161
281,41-O_S51_L003_R1_001,Paired,41-O,R1,28389787,16525140,16016093
282,41-O_S51_L003_R1_001,Unpaired,41-O,R1,NA,11618621,11640748
283,41-O_S51_L003_R2_001,Paired,41-O,R2,28389787,16525140,16016093
284,41-O_S51_L003_R2_001,Unpaired,41-O,R2,NA,143777,338017
285,41-P_S24_L003_R1_001,Paired,41-P,R1,26987517,12903978,12562902
286,41-P_S24_L003_R1_001,Unpaired,41-P,R1,NA,13807271,13839431
287,41-P_S24_L003_R2_001,Paired,41-P,R2,26987517,12903978,12562902
288,41-P_S24_L003_R2_001,Unpaired,41-P,R2,NA,133003,207559
289,44-A_S42_L003_R1_001,Paired,44-A,R1,26663699,13907630,13491152
290,44-A_S42_L003_R1_001,Unpaired,44-A,R1,NA,12513126,12557606
291,44-A_S42_L003_R2_001,Paired,44-A,R2,26663699,13907630,13491152
292,44-A_S42_L003_R2_001,Unpaired,44-A,R2,NA,121152,251153
293,44-B_S53_L003_R1_001,Paired,44-B,R1,24493830,14728172,14342472
294,44-B_S53_L003_R1_001,Unpaired,44-B,R1,NA,9589186,9619074
295,44-B_S53_L003_R2_001,Paired,44-B,R2,24493830,14728172,14342472
296,44-B_S53_L003_R2_001,Unpaired,44-B,R2,NA,76019,252729
297,44-C_S5_L003_R1_001,Paired,44-C,R1,30238216,18243450,17738592
298,44-C_S5_L003_R1_001,Unpaired,44-C,R1,NA,11734732,11777334
299,44-C_S5_L003_R2_001,Paired,44-C,R2,30238216,18243450,17738592
300,44-C_S5_L003_R2_001,Unpaired,44-C,R2,NA,87201,322446
301,44-D_S30_L003_R1_001,Paired,44-D,R1,25304405,15604736,15143597
302,44-D_S30_L003_R1_001,Unpaired,44-D,R1,NA,9503556,9539631
303,44-D_S30_L003_R2_001,Paired,44-D,R2,25304405,15604736,15143597
304,44-D_S30_L003_R2_001,Unpaired,44-D,R2,NA,107921,304155
305,44-E_S111_L003_R1_001,Paired,44-E,R1,20911443,11359807,10155749
306,44-E_S111_L003_R1_001,Unpaired,44-E,R1,NA,9244792,9158310
307,44-E_S111_L003_R2_001,Paired,44-E,R2,20911443,11359807,10155749
308,44-E_S111_L003_R2_001,Unpaired,44-E,R2,NA,180447,749832
309,44-F_S87_L003_R1_001,Paired,44-F,R1,24920168,13749363,13425803
310,44-F_S87_L003_R1_001,Unpaired,44-F,R1,NA,10978005,10995113
311,44-F_S87_L003_R2_001,Paired,44-F,R2,24920168,13749363,13425803
312,44-F_S87_L003_R2_001,Unpaired,44-F,R2,NA,110902,206084
313,44-G_S14_L003_R1_001,Paired,44-G,R1,28120656,16572886,16135126
314,44-G_S14_L003_R1_001,Unpaired,44-G,R1,NA,11360964,11392636
315,44-G_S14_L003_R2_001,Paired,44-G,R2,28120656,16572886,16135126
316,44-G_S14_L003_R2_001,Unpaired,44-G,R2,NA,81825,281148
317,44-H_S59_L003_R1_001,Paired,44-H,R1,27734001,16291296,15867295
318,44-H_S59_L003_R1_001,Unpaired,44-H,R1,NA,11225985,11247624
319,44-H_S59_L003_R2_001,Paired,44-H,R2,27734001,16291296,15867295
320,44-H_S59_L003_R2_001,Unpaired,44-H,R2,NA,110138,275555
321,44-M_S26_L003_R1_001,Paired,44-M,R1,27745060,15232721,14806488
322,44-M_S26_L003_R1_001,Unpaired,44-M,R1,NA,12172100,12186822
323,44-M_S26_L003_R2_001,Paired,44-M,R2,27745060,15232721,14806488
324,44-M_S26_L003_R2_001,Unpaired,44-M,R2,NA,211522,275731
325,44-N_S83_L003_R1_001,Paired,13-N,R1,26992537,13927950,13399510
326,44-N_S83_L003_R1_001,Unpaired,13-N,R1,NA,12837474,12826187
327,44-N_S83_L003_R2_001,Paired,13-N,R2,26992537,13927950,13399510
328,44-N_S83_L003_R2_001,Unpaired,13-N,R2,NA,108734,337350
329,44-O_S73_L003_R1_001,Paired,44-O,R1,25005716,12439151,12070111
330,44-O_S73_L003_R1_001,Unpaired,44-O,R1,NA,12263616,12267879
331,44-O_S73_L003_R2_001,Paired,44-O,R2,25005716,12439151,12070111
332,44-O_S73_L003_R2_001,Unpaired,44-O,R2,NA,139817,215551
333,44-P_S93_L003_R1_001,Paired,44-P,R1,24950954,14553557,13773007
334,44-P_S93_L003_R1_001,Unpaired,44-P,R1,NA,10100404,10155272
335,44-P_S93_L003_R2_001,Paired,44-P,R2,24950954,14553557,13773007
336,44-P_S93_L003_R2_001,Unpaired,44-P,R2,NA,208834,467120
337,50-A_S38_L003_R1_001,Paired,50-A,R1,28058254,16833853,16368109
338,50-A_S38_L003_R1_001,Unpaired,50-A,R1,NA,10982952,11022353
339,50-A_S38_L003_R2_001,Paired,50-A,R2,28058254,16833853,16368109
340,50-A_S38_L003_R2_001,Unpaired,50-A,R2,NA,130239,295137
341,50-B_S70_L003_R1_001,Paired,50-B,R1,26751838,13438908,12919321
342,50-B_S70_L003_R1_001,Unpaired,50-B,R1,NA,13072017,13059648
343,50-B_S70_L003_R2_001,Paired,50-B,R2,26751838,13438908,12919321
344,50-B_S70_L003_R2_001,Unpaired,50-B,R2,NA,117661,331241
345,50-C_S45_L003_R1_001,Paired,50-C,R1,27774874,16676219,16249215
346,50-C_S45_L003_R1_001,Unpaired,50-C,R1,NA,10922786,10947966
347,50-C_S45_L003_R2_001,Paired,50-C,R2,27774874,16676219,16249215
348,50-C_S45_L003_R2_001,Unpaired,50-C,R2,NA,81279,281207
349,50-D_S119_L003_R1_001,Paired,50-D,R1,23228267,12155896,11080731
350,50-D_S119_L003_R1_001,Unpaired,50-D,R1,NA,10735437,10662335
351,50-D_S119_L003_R2_001,Paired,50-D,R2,23228267,12155896,11080731
352,50-D_S119_L003_R2_001,Unpaired,50-D,R2,NA,172615,676296
353,50-E_S10_L003_R1_001,Paired,50-E,R1,28817602,14473989,13948154
354,50-E_S10_L003_R1_001,Unpaired,50-E,R1,NA,14003899,13979477
355,50-E_S10_L003_R2_001,Paired,50-E,R2,28817602,14473989,13948154
356,50-E_S10_L003_R2_001,Unpaired,50-E,R2,NA,166117,337762
357,50-F_S62_L003_R1_001,Paired,50-F,R1,24867886,13949766,13519757
358,50-F_S62_L003_R1_001,Unpaired,50-F,R1,NA,10568356,10599252
359,50-F_S62_L003_R2_001,Paired,50-F,R2,24867886,13949766,13519757
360,50-F_S62_L003_R2_001,Unpaired,50-F,R2,NA,212033,257872
361,50-G_S118_L003_R1_001,Paired,50-G,R1,30055357,17306387,15545704
362,50-G_S118_L003_R1_001,Unpaired,50-G,R1,NA,12241139,12128911
363,50-G_S118_L003_R2_001,Paired,50-G,R2,30055357,17306387,15545704
364,50-G_S118_L003_R2_001,Unpaired,50-G,R2,NA,322324,1136353
365,50-H_S97_L003_R1_001,Paired,50-H,R1,29219653,17141577,14294801
366,50-H_S97_L003_R1_001,Unpaired,50-H,R1,NA,11394815,11242099
367,50-H_S97_L003_R2_001,Paired,50-H,R2,29219653,17141577,14294801
368,50-H_S97_L003_R2_001,Unpaired,50-H,R2,NA,481368,1716992
369,50-M_S21_L003_R1_001,Paired,50-M,R1,25885873,14656434,14281348
370,50-M_S21_L003_R1_001,Unpaired,50-M,R1,NA,10971147,10990712
371,50-M_S21_L003_R2_001,Paired,50-M,R2,25885873,14656434,14281348
372,50-M_S21_L003_R2_001,Unpaired,50-M,R2,NA,92858,234939
373,50-N_S20_L003_R1_001,Paired,50-N,R1,24112742,13779201,13337480
374,50-N_S20_L003_R1_001,Unpaired,50-N,R1,NA,10153277,10164013
375,50-N_S20_L003_R2_001,Paired,50-N,R2,24112742,13779201,13337480
376,50-N_S20_L003_R2_001,Unpaired,50-N,R2,NA,87288,291167
377,50-O_S74_L003_R1_001,Paired,50-O,R1,27358658,14284136,13833955
378,50-O_S74_L003_R1_001,Unpaired,50-O,R1,NA,12851487,12835118
379,50-O_S74_L003_R2_001,Paired,50-O,R2,27358658,14284136,13833955
380,50-O_S74_L003_R2_001,Unpaired,50-O,R2,NA,89921,298871
381,50-P_S86_L003_R1_001,Paired,50-P,R1,28028325,15042974,14593346
382,50-P_S86_L003_R1_001,Unpaired,50-P,R1,NA,12566335,12580128
383,50-P_S86_L003_R2_001,Paired,50-P,R2,28028325,15042974,14593346
384,50-P_S86_L003_R2_001,Unpaired,50-P,R2,NA,296283,291396
385,62-A_S108_L003_R1_001,Paired,62-A,R1,27343827,16015717,14552534
386,62-A_S108_L003_R1_001,Unpaired,62-A,R1,NA,10842547,10755958
387,62-A_S108_L003_R2_001,Paired,62-A,R2,27343827,16015717,14552534
388,62-A_S108_L003_R2_001,Unpaired,62-A,R2,NA,294208,905200
389,62-B_S69_L003_R1_001,Paired,62-B,R1,23736842,12668894,12316783
390,62-B_S69_L003_R1_001,Unpaired,62-B,R1,NA,10895365,10904691
391,62-B_S69_L003_R2_001,Paired,62-B,R2,23736842,12668894,12316783
392,62-B_S69_L003_R2_001,Unpaired,62-B,R2,NA,64052,220004
393,62-C_S15_L003_R1_001,Paired,62-C,R1,30895067,17714958,17204789
394,62-C_S15_L003_R1_001,Unpaired,62-C,R1,NA,12900053,12911692
395,62-C_S15_L003_R2_001,Paired,62-C,R2,30895067,17714958,17204789
396,62-C_S15_L003_R2_001,Unpaired,62-C,R2,NA,147900,338024
397,62-D_S47_L003_R1_001,Paired,62-D,R1,27008442,15968352,15562309
398,62-D_S47_L003_R1_001,Unpaired,62-D,R1,NA,10832128,10864103
399,62-D_S47_L003_R2_001,Paired,62-D,R2,27008442,15968352,15562309
400,62-D_S47_L003_R2_001,Unpaired,62-D,R2,NA,112076,255646
401,62-E_S58_L003_R1_001,Paired,62-E,R1,27731495,15639009,15234105
402,62-E_S58_L003_R1_001,Unpaired,62-E,R1,NA,11864110,11871147
403,62-E_S58_L003_R2_001,Paired,62-E,R2,27731495,15639009,15234105
404,62-E_S58_L003_R2_001,Unpaired,62-E,R2,NA,113131,269642
405,62-F_S28_L003_R1_001,Paired,62-F,R1,27865069,13414853,12959590
406,62-F_S28_L003_R1_001,Unpaired,62-F,R1,NA,13892679,13872763
407,62-F_S28_L003_R2_001,Paired,62-F,R2,27865069,13414853,12959590
408,62-F_S28_L003_R2_001,Unpaired,62-F,R2,NA,331645,286127
409,62-G_S117_L003_R1_001,Paired,62-G,R1,26307407,14690168,11291079
410,62-G_S117_L003_R1_001,Unpaired,62-G,R1,NA,10739500,10526797
411,62-G_S117_L003_R2_001,Paired,62-G,R2,26307407,14690168,11291079
412,62-G_S117_L003_R2_001,Unpaired,62-G,R2,NA,682047,1699380
413,62-H_S3_L003_R1_001,Paired,62-H,R1,27324997,16571992,16144117
414,62-H_S3_L003_R1_001,Unpaired,62-H,R1,NA,10565530,10587567
415,62-H_S3_L003_R2_001,Paired,62-H,R2,27324997,16571992,16144117
416,62-H_S3_L003_R2_001,Unpaired,62-H,R2,NA,82176,290452
417,62-M_S64_L003_R1_001,Paired,62-M,R1,25860193,13935192,13512463
418,62-M_S64_L003_R1_001,Unpaired,62-M,R1,NA,11696401,11706109
419,62-M_S64_L003_R2_001,Paired,62-M,R2,25860193,13935192,13512463
420,62-M_S64_L003_R2_001,Unpaired,62-M,R2,NA,112070,270510
421,62-N_S100_L003_R1_001,Paired,62-N,R1,28774753,16883993,15231667
422,62-N_S100_L003_R1_001,Unpaired,62-N,R1,NA,11442760,11368412
423,62-N_S100_L003_R2_001,Paired,62-N,R2,28774753,16883993,15231667
424,62-N_S100_L003_R2_001,Unpaired,62-N,R2,NA,274593,1015013
425,62-O_S89_L003_R1_001,Paired,62-O,R1,27622780,14277753,13879669
426,62-O_S89_L003_R1_001,Unpaired,62-O,R1,NA,13059834,13068826
427,62-O_S89_L003_R2_001,Paired,62-O,R2,27622780,14277753,13879669
428,62-O_S89_L003_R2_001,Unpaired,62-O,R2,NA,93751,249998
429,62-P_S43_L003_R1_001,Paired,62-P,R1,28519133,18534483,18105913
430,62-P_S43_L003_R1_001,Unpaired,62-P,R1,NA,9800714,9846138
431,62-P_S43_L003_R2_001,Paired,62-P,R2,28519133,18534483,18105913
432,62-P_S43_L003_R2_001,Unpaired,62-P,R2,NA,95746,297088
433,7-A_S23_L003_R1_001,Paired,7-A,R1,27108326,12853238,12465806
434,7-A_S23_L003_R1_001,Unpaired,7-A,R1,NA,13950274,13959638
435,7-A_S23_L003_R2_001,Paired,7-A,R2,27108326,12853238,12465806
436,7-A_S23_L003_R2_001,Unpaired,7-A,R2,NA,182023,246671
437,7-B_S36_L003_R1_001,Paired,7-B,R1,26203825,14537117,14199981
438,7-B_S36_L003_R1_001,Unpaired,7-B,R1,NA,11404521,11428672
439,7-B_S36_L003_R2_001,Paired,7-B,R2,26203825,14537117,14199981
440,7-B_S36_L003_R2_001,Unpaired,7-B,R2,NA,131995,212822
441,7-C_S32_L003_R1_001,Paired,7-C,R1,23646610,11291465,10657035
442,7-C_S32_L003_R1_001,Unpaired,7-C,R1,NA,11815867,11854903
443,7-C_S32_L003_R2_001,Paired,7-C,R2,23646610,11291465,10657035
444,7-C_S32_L003_R2_001,Unpaired,7-C,R2,NA,319343,355128
445,7-E_S88_L003_R1_001,Paired,7-E,R1,27284441,11788933,11343177
446,7-E_S88_L003_R1_001,Unpaired,7-E,R1,NA,15165465,15125176
447,7-E_S88_L003_R2_001,Paired,7-E,R2,27284441,11788933,11343177
448,7-E_S88_L003_R2_001,Unpaired,7-E,R2,NA,152013,281346
449,7-F_S98_L003_R1_001,Paired,7-F,R1,25968514,15878682,13776605
450,7-F_S98_L003_R1_001,Unpaired,7-F,R1,NA,9624988,9545406
451,7-F_S98_L003_R2_001,Paired,7-F,R2,25968514,15878682,13776605
452,7-F_S98_L003_R2_001,Unpaired,7-F,R2,NA,321985,1242626
453,7-G_S48_L003_R1_001,Paired,7-G,R1,26670724,13633697,13242995
454,7-G_S48_L003_R1_001,Unpaired,7-G,R1,NA,12784294,12795458
455,7-G_S48_L003_R2_001,Paired,7-G,R2,26670724,13633697,13242995
456,7-G_S48_L003_R2_001,Unpaired,7-G,R2,NA,115150,241920
457,7-H_S82_L003_R1_001,Paired,7-H,R1,29569970,15379213,14855811
458,7-H_S82_L003_R1_001,Unpaired,7-H,R1,NA,13952287,13934385
459,7-H_S82_L003_R2_001,Paired,7-H,R2,29569970,15379213,14855811
460,7-H_S82_L003_R2_001,Unpaired,7-H,R2,NA,107961,338750
461,7-M_S76_L003_R1_001,Paired,7-M,R1,28080811,16588104,16177989
462,7-M_S76_L003_R1_001,Unpaired,7-M,R1,NA,11285712,11314302
463,7-M_S76_L003_R2_001,Paired,7-M,R2,28080811,16588104,16177989
464,7-M_S76_L003_R2_001,Unpaired,7-M,R2,NA,91466,267900
465,7-N_S11_L003_R1_001,Paired,7-N,R1,26737415,13920562,13476854
466,7-N_S11_L003_R1_001,Unpaired,7-N,R1,NA,12572610,12564024
467,7-N_S11_L003_R2_001,Paired,7-N,R2,26737415,13920562,13476854
468,7-N_S11_L003_R2_001,Unpaired,7-N,R2,NA,105291,289929
469,7-O_S63_L003_R1_001,Paired,7-O,R1,26064592,12948352,12563605
470,7-O_S63_L003_R1_001,Unpaired,7-O,R1,NA,12842402,12897235
471,7-O_S63_L003_R2_001,Paired,7-O,R2,26064592,12948352,12563605
472,7-O_S63_L003_R2_001,Unpaired,7-O,R2,NA,130616,214358
473,7-P_S103_L003_R1_001,Paired,7-P,R1,31324697,17163334,14999290
474,7-P_S103_L003_R1_001,Unpaired,7-P,R1,NA,13604374,13469336
475,7-P_S103_L003_R2_001,Paired,7-P,R2,31324697,17163334,14999290
476,7-P_S103_L003_R2_001,Unpaired,7-P,R2,NA,313624,1264860
